reading_id,reading_time,site,zone,sensor_id,temperature_c,humidity_pct,door_open,status
102305,2026-10-06 00:00,WOIPPY,frais,WOI-F1,3.1,75,no,ok
102306,2026-10-06 00:30,WOIPPY,frais,WOI-F1,1.3,83,yes,ok
102307,2026-10-06 01:00,WOIPPY,frais,WOI-F1,1.9,75,no,ok
102308,2026-10-06 01:30,WOIPPY,frais,WOI-F1,3.5,79,no,ok
102309,2026-10-06 02:00,WOIPPY,frais,WOI-F1,2.1,79,no,ok
102310,2026-10-06 02:30,WOIPPY,frais,WOI-F1,2.8,81,yes,ok
102311,2026-10-06 03:00,WOIPPY,frais,WOI-F1,2.1,80,no,ok
102312,2026-10-06 03:30,WOIPPY,frais,WOI-F1,1.9,75,no,ok
102313,2026-10-06 04:00,WOIPPY,frais,WOI-F1,2.4,85,no,ok
102314,2026-10-06 04:30,WOIPPY,frais,WOI-F1,2.8,84,no,ok
102315,2026-10-06 05:00,WOIPPY,frais,WOI-F1,2.5,74,no,ok
102316,2026-10-06 05:30,WOIPPY,frais,WOI-F1,2.2,80,no,ok
102317,2026-10-06 06:00,WOIPPY,frais,WOI-F1,2.4,78,no,ok
102318,2026-10-06 06:30,WOIPPY,frais,WOI-F1,2.3,75,no,ok
102319,2026-10-06 07:00,WOIPPY,frais,WOI-F1,2.5,76,no,ok
102320,2026-10-06 07:30,WOIPPY,frais,WOI-F1,3.1,78,no,ok
102321,2026-10-06 08:00,WOIPPY,frais,WOI-F1,3.1,75,no,ok
102322,2026-10-06 08:30,WOIPPY,frais,WOI-F1,1.6,76,no,ok
102323,2026-10-06 09:00,WOIPPY,frais,WOI-F1,2.6,76,no,ok
102324,2026-10-06 09:30,WOIPPY,frais,WOI-F1,2.5,75,no,ok
102325,2026-10-06 10:00,WOIPPY,frais,WOI-F1,2.2,79,no,ok
102326,2026-10-06 10:30,WOIPPY,frais,WOI-F1,2.8,73,no,ok
102327,2026-10-06 11:00,WOIPPY,frais,WOI-F1,3.3,77,no,ok
102328,2026-10-06 11:30,WOIPPY,frais,WOI-F1,2.1,79,no,ok
102329,2026-10-06 12:00,WOIPPY,frais,WOI-F1,2.2,80,no,ok
102330,2026-10-06 12:30,WOIPPY,frais,WOI-F1,3.1,80,no,ok
102331,2026-10-06 13:00,WOIPPY,frais,WOI-F1,2.3,80,no,ok
102332,2026-10-06 13:30,WOIPPY,frais,WOI-F1,2.7,73,no,ok
102333,2026-10-06 14:00,WOIPPY,frais,WOI-F1,2.9,79,no,ok
102334,2026-10-06 14:30,WOIPPY,frais,WOI-F1,2.6,76,no,ok
102335,2026-10-06 15:00,WOIPPY,frais,WOI-F1,2.5,72,no,ok
102336,2026-10-06 15:30,WOIPPY,frais,WOI-F1,2.6,74,no,ok
102337,2026-10-06 16:00,WOIPPY,frais,WOI-F1,3.3,79,no,ok
102338,2026-10-06 16:30,WOIPPY,frais,WOI-F1,2.7,76,no,ok
102339,2026-10-06 17:00,WOIPPY,frais,WOI-F1,3.1,77,no,ok
102340,2026-10-06 17:30,WOIPPY,frais,WOI-F1,2.0,80,no,ok
102341,2026-10-06 18:00,WOIPPY,frais,WOI-F1,1.8,83,no,ok
102342,2026-10-06 18:30,WOIPPY,frais,WOI-F1,2.8,82,no,ok
102343,2026-10-06 19:00,WOIPPY,frais,WOI-F1,2.6,81,no,ok
102344,2026-10-06 19:30,WOIPPY,frais,WOI-F1,2.4,82,no,ok
102345,2026-10-06 20:00,WOIPPY,frais,WOI-F1,1.8,82,no,ok
102346,2026-10-06 20:30,WOIPPY,frais,WOI-F1,2.7,82,no,ok
102347,2026-10-06 21:00,WOIPPY,frais,WOI-F1,2.5,77,no,ok
102348,2026-10-06 21:30,WOIPPY,frais,WOI-F1,2.5,74,no,ok
102349,2026-10-06 22:00,WOIPPY,frais,WOI-F1,3.0,83,no,ok
102350,2026-10-06 22:30,WOIPPY,frais,WOI-F1,2.7,84,no,ok
102351,2026-10-06 23:00,WOIPPY,frais,WOI-F1,2.3,75,no,ok
102352,2026-10-06 23:30,WOIPPY,frais,WOI-F1,2.8,80,no,ok
102353,2026-10-06 00:00,WOIPPY,frais,WOI-F2,2.1,79,no,ok
102354,2026-10-06 00:30,WOIPPY,frais,WOI-F2,2.8,83,yes,ok
102355,2026-10-06 01:00,WOIPPY,frais,WOI-F2,2.1,76,no,ok
102356,2026-10-06 01:30,WOIPPY,frais,WOI-F2,1.8,84,no,ok
102357,2026-10-06 02:00,WOIPPY,frais,WOI-F2,1.6,79,no,ok
102358,2026-10-06 02:30,WOIPPY,frais,WOI-F2,3.1,71,no,ok
102359,2026-10-06 03:00,WOIPPY,frais,WOI-F2,2.1,77,no,ok
102360,2026-10-06 03:30,WOIPPY,frais,WOI-F2,2.5,84,no,ok
102361,2026-10-06 04:00,WOIPPY,frais,WOI-F2,2.9,82,no,ok
102362,2026-10-06 04:30,WOIPPY,frais,WOI-F2,2.7,78,no,ok
102363,2026-10-06 05:00,WOIPPY,frais,WOI-F2,2.6,77,no,ok
102364,2026-10-06 05:30,WOIPPY,frais,WOI-F2,2.2,79,no,ok
102365,2026-10-06 06:00,WOIPPY,frais,WOI-F2,2.7,75,no,ok
102366,2026-10-06 06:30,WOIPPY,frais,WOI-F2,3.2,73,no,ok
102367,2026-10-06 07:00,WOIPPY,frais,WOI-F2,1.6,73,no,ok
102368,2026-10-06 07:30,WOIPPY,frais,WOI-F2,3.4,84,no,ok
102369,2026-10-06 08:00,WOIPPY,frais,WOI-F2,2.9,76,no,ok
102370,2026-10-06 08:30,WOIPPY,frais,WOI-F2,2.5,76,no,ok
102371,2026-10-06 09:00,WOIPPY,frais,WOI-F2,3.3,79,no,ok
102372,2026-10-06 09:30,WOIPPY,frais,WOI-F2,2.4,82,no,ok
102373,2026-10-06 10:00,WOIPPY,frais,WOI-F2,2.6,81,no,ok
102374,2026-10-06 10:30,WOIPPY,frais,WOI-F2,2.7,76,no,ok
102375,2026-10-06 11:00,WOIPPY,frais,WOI-F2,1.5,70,no,ok
102376,2026-10-06 11:30,WOIPPY,frais,WOI-F2,2.3,80,no,ok
102377,2026-10-06 12:00,WOIPPY,frais,WOI-F2,2.7,79,no,ok
102378,2026-10-06 12:30,WOIPPY,frais,WOI-F2,2.9,72,no,ok
102379,2026-10-06 13:00,WOIPPY,frais,WOI-F2,2.5,80,no,ok
102380,2026-10-06 13:30,WOIPPY,frais,WOI-F2,2.6,80,no,ok
102381,2026-10-06 14:00,WOIPPY,frais,WOI-F2,2.7,76,no,ok
102382,2026-10-06 14:30,WOIPPY,frais,WOI-F2,2.9,78,no,ok
102383,2026-10-06 15:00,WOIPPY,frais,WOI-F2,2.7,78,no,ok
102384,2026-10-06 15:30,WOIPPY,frais,WOI-F2,2.2,77,no,ok
102385,2026-10-06 16:00,WOIPPY,frais,WOI-F2,1.4,78,no,ok
102386,2026-10-06 16:30,WOIPPY,frais,WOI-F2,2.5,80,no,ok
102387,2026-10-06 17:00,WOIPPY,frais,WOI-F2,1.4,80,no,ok
102388,2026-10-06 17:30,WOIPPY,frais,WOI-F2,2.3,80,no,ok
102389,2026-10-06 18:00,WOIPPY,frais,WOI-F2,2.3,74,no,ok
102390,2026-10-06 18:30,WOIPPY,frais,WOI-F2,2.0,75,no,ok
102391,2026-10-06 19:00,WOIPPY,frais,WOI-F2,2.2,80,no,ok
102392,2026-10-06 19:30,WOIPPY,frais,WOI-F2,3.6,78,no,ok
102393,2026-10-06 20:00,WOIPPY,frais,WOI-F2,2.6,75,no,ok
102394,2026-10-06 20:30,WOIPPY,frais,WOI-F2,2.2,82,no,ok
102395,2026-10-06 21:00,WOIPPY,frais,WOI-F2,3.4,75,no,ok
102396,2026-10-06 21:30,WOIPPY,frais,WOI-F2,2.9,72,no,ok
102397,2026-10-06 22:00,WOIPPY,frais,WOI-F2,2.5,78,no,ok
102398,2026-10-06 22:30,WOIPPY,frais,WOI-F2,3.2,72,no,ok
102399,2026-10-06 23:00,WOIPPY,frais,WOI-F2,2.8,82,no,ok
102400,2026-10-06 23:30,WOIPPY,frais,WOI-F2,2.5,80,no,ok
102401,2026-10-06 00:00,WOIPPY,frais,WOI-F3,2.4,76,no,ok
102402,2026-10-06 00:30,WOIPPY,frais,WOI-F3,1.7,86,no,ok
102403,2026-10-06 01:00,WOIPPY,frais,WOI-F3,2.5,80,no,ok
102404,2026-10-06 01:30,WOIPPY,frais,WOI-F3,1.9,76,no,ok
102405,2026-10-06 02:00,WOIPPY,frais,WOI-F3,2.5,79,no,ok
102406,2026-10-06 02:30,WOIPPY,frais,WOI-F3,2.7,84,no,ok
102407,2026-10-06 03:00,WOIPPY,frais,WOI-F3,1.8,83,no,ok
102408,2026-10-06 03:30,WOIPPY,frais,WOI-F3,2.8,73,no,ok
102409,2026-10-06 04:00,WOIPPY,frais,WOI-F3,2.7,75,no,ok
102410,2026-10-06 04:30,WOIPPY,frais,WOI-F3,2.3,84,no,ok
102411,2026-10-06 05:00,WOIPPY,frais,WOI-F3,1.9,81,no,ok
102412,2026-10-06 05:30,WOIPPY,frais,WOI-F3,3.5,79,no,ok
102413,2026-10-06 06:00,WOIPPY,frais,WOI-F3,2.1,76,no,ok
102414,2026-10-06 06:30,WOIPPY,frais,WOI-F3,2.5,82,no,ok
102415,2026-10-06 07:00,WOIPPY,frais,WOI-F3,2.6,83,no,ok
102416,2026-10-06 07:30,WOIPPY,frais,WOI-F3,2.1,77,no,ok
102417,2026-10-06 08:00,WOIPPY,frais,WOI-F3,3.3,83,yes,ok
102418,2026-10-06 08:30,WOIPPY,frais,WOI-F3,2.0,81,no,ok
102419,2026-10-06 09:00,WOIPPY,frais,WOI-F3,2.8,75,no,ok
102420,2026-10-06 09:30,WOIPPY,frais,WOI-F3,3.4,79,no,ok
102421,2026-10-06 10:00,WOIPPY,frais,WOI-F3,2.8,78,no,ok
102422,2026-10-06 10:30,WOIPPY,frais,WOI-F3,2.0,76,no,ok
102423,2026-10-06 11:00,WOIPPY,frais,WOI-F3,2.8,80,no,ok
102424,2026-10-06 11:30,WOIPPY,frais,WOI-F3,1.8,76,no,ok
102425,2026-10-06 12:00,WOIPPY,frais,WOI-F3,2.4,78,no,ok
102426,2026-10-06 12:30,WOIPPY,frais,WOI-F3,2.7,78,yes,ok
102427,2026-10-06 13:00,WOIPPY,frais,WOI-F3,3.1,76,no,ok
102428,2026-10-06 13:30,WOIPPY,frais,WOI-F3,1.9,81,no,ok
102429,2026-10-06 14:00,WOIPPY,frais,WOI-F3,1.8,79,no,ok
102430,2026-10-06 14:30,WOIPPY,frais,WOI-F3,2.8,77,no,ok
102431,2026-10-06 15:00,WOIPPY,frais,WOI-F3,3.5,81,no,ok
102432,2026-10-06 15:30,WOIPPY,frais,WOI-F3,2.8,77,no,ok
102433,2026-10-06 16:00,WOIPPY,frais,WOI-F3,2.3,81,no,ok
102434,2026-10-06 16:30,WOIPPY,frais,WOI-F3,1.4,83,no,ok
102435,2026-10-06 17:00,WOIPPY,frais,WOI-F3,2.3,79,no,ok
102436,2026-10-06 17:30,WOIPPY,frais,WOI-F3,1.9,75,no,ok
102437,2026-10-06 18:00,WOIPPY,frais,WOI-F3,2.5,78,no,ok
102438,2026-10-06 18:30,WOIPPY,frais,WOI-F3,2.1,80,no,ok
102439,2026-10-06 19:00,WOIPPY,frais,WOI-F3,2.5,80,no,ok
102440,2026-10-06 19:30,WOIPPY,frais,WOI-F3,2.9,69,no,ok
102441,2026-10-06 20:00,WOIPPY,frais,WOI-F3,2.5,80,no,ok
102442,2026-10-06 20:30,WOIPPY,frais,WOI-F3,1.4,76,no,ok
102443,2026-10-06 21:00,WOIPPY,frais,WOI-F3,2.3,84,no,ok
102444,2026-10-06 21:30,WOIPPY,frais,WOI-F3,3.6,74,no,ok
102445,2026-10-06 22:00,WOIPPY,frais,WOI-F3,2.7,82,no,ok
102446,2026-10-06 22:30,WOIPPY,frais,WOI-F3,2.1,78,no,ok
102447,2026-10-06 23:00,WOIPPY,frais,WOI-F3,2.5,74,no,ok
102448,2026-10-06 23:30,WOIPPY,frais,WOI-F3,2.9,79,no,ok
102449,2026-10-06 00:00,WOIPPY,frais,WOI-F4,1.0,78,no,ok
102450,2026-10-06 00:30,WOIPPY,frais,WOI-F4,2.6,77,no,ok
102451,2026-10-06 01:00,WOIPPY,frais,WOI-F4,3.2,80,no,ok
102452,2026-10-06 01:30,WOIPPY,frais,WOI-F4,2.2,80,no,ok
102453,2026-10-06 02:00,WOIPPY,frais,WOI-F4,2.6,81,no,ok
102454,2026-10-06 02:30,WOIPPY,frais,WOI-F4,2.0,77,no,ok
102455,2026-10-06 03:00,WOIPPY,frais,WOI-F4,2.4,75,no,ok
102456,2026-10-06 03:30,WOIPPY,frais,WOI-F4,2.8,76,no,ok
102457,2026-10-06 04:00,WOIPPY,frais,WOI-F4,3.3,84,no,ok
102458,2026-10-06 04:30,WOIPPY,frais,WOI-F4,3.5,71,no,ok
102459,2026-10-06 05:00,WOIPPY,frais,WOI-F4,1.9,76,no,ok
102460,2026-10-06 05:30,WOIPPY,frais,WOI-F4,2.3,83,no,ok
102461,2026-10-06 06:00,WOIPPY,frais,WOI-F4,3.2,79,no,ok
102462,2026-10-06 06:30,WOIPPY,frais,WOI-F4,2.0,79,no,ok
102463,2026-10-06 07:00,WOIPPY,frais,WOI-F4,3.2,77,no,ok
102464,2026-10-06 07:30,WOIPPY,frais,WOI-F4,2.5,77,no,ok
102465,2026-10-06 08:00,WOIPPY,frais,WOI-F4,3.2,77,no,ok
102466,2026-10-06 08:30,WOIPPY,frais,WOI-F4,1.3,75,no,ok
102467,2026-10-06 09:00,WOIPPY,frais,WOI-F4,2.3,85,no,ok
102468,2026-10-06 09:30,WOIPPY,frais,WOI-F4,2.2,80,no,ok
102469,2026-10-06 10:00,WOIPPY,frais,WOI-F4,3.2,81,no,ok
102470,2026-10-06 10:30,WOIPPY,frais,WOI-F4,1.9,70,no,ok
102471,2026-10-06 11:00,WOIPPY,frais,WOI-F4,3.3,77,no,ok
102472,2026-10-06 11:30,WOIPPY,frais,WOI-F4,1.7,79,yes,ok
102473,2026-10-06 12:00,WOIPPY,frais,WOI-F4,2.2,85,no,ok
102474,2026-10-06 12:30,WOIPPY,frais,WOI-F4,2.1,81,no,ok
102475,2026-10-06 13:00,WOIPPY,frais,WOI-F4,2.1,82,no,ok
102476,2026-10-06 13:30,WOIPPY,frais,WOI-F4,2.7,79,yes,ok
102477,2026-10-06 14:00,WOIPPY,frais,WOI-F4,2.3,78,no,ok
102478,2026-10-06 14:30,WOIPPY,frais,WOI-F4,2.7,79,no,ok
102479,2026-10-06 15:00,WOIPPY,frais,WOI-F4,2.3,80,no,ok
102480,2026-10-06 15:30,WOIPPY,frais,WOI-F4,2.9,78,no,ok
102481,2026-10-06 16:00,WOIPPY,frais,WOI-F4,3.0,77,no,ok
102482,2026-10-06 16:30,WOIPPY,frais,WOI-F4,2.4,77,no,ok
102483,2026-10-06 17:00,WOIPPY,frais,WOI-F4,2.9,72,no,ok
102484,2026-10-06 17:30,WOIPPY,frais,WOI-F4,1.8,77,no,ok
102485,2026-10-06 18:00,WOIPPY,frais,WOI-F4,3.0,73,no,ok
102486,2026-10-06 18:30,WOIPPY,frais,WOI-F4,1.6,82,no,ok
102487,2026-10-06 19:00,WOIPPY,frais,WOI-F4,3.2,76,no,ok
102488,2026-10-06 19:30,WOIPPY,frais,WOI-F4,2.5,75,no,ok
102489,2026-10-06 20:00,WOIPPY,frais,WOI-F4,2.8,77,no,ok
102490,2026-10-06 20:30,WOIPPY,frais,WOI-F4,1.9,75,no,ok
102491,2026-10-06 21:00,WOIPPY,frais,WOI-F4,2.4,79,no,ok
102492,2026-10-06 21:30,WOIPPY,frais,WOI-F4,3.3,76,no,ok
102493,2026-10-06 22:00,WOIPPY,frais,WOI-F4,1.5,74,no,ok
102494,2026-10-06 22:30,WOIPPY,frais,WOI-F4,1.7,76,no,ok
102495,2026-10-06 23:00,WOIPPY,frais,WOI-F4,2.7,79,no,ok
102496,2026-10-06 23:30,WOIPPY,frais,WOI-F4,2.4,81,no,ok
102497,2026-10-06 00:00,WOIPPY,surgeles,WOI-S1,-20.9,61,no,ok
102498,2026-10-06 00:30,WOIPPY,surgeles,WOI-S1,-21.4,62,no,ok
102499,2026-10-06 01:00,WOIPPY,surgeles,WOI-S1,-20.5,66,no,ok
102500,2026-10-06 01:30,WOIPPY,surgeles,WOI-S1,-21.9,65,no,ok
102501,2026-10-06 02:00,WOIPPY,surgeles,WOI-S1,-20.1,64,no,ok
102502,2026-10-06 02:30,WOIPPY,surgeles,WOI-S1,-21.3,64,no,ok
102503,2026-10-06 03:00,WOIPPY,surgeles,WOI-S1,-20.9,63,no,ok
102504,2026-10-06 03:30,WOIPPY,surgeles,WOI-S1,-21.0,61,no,ok
102505,2026-10-06 04:00,WOIPPY,surgeles,WOI-S1,-20.4,61,no,ok
102506,2026-10-06 04:30,WOIPPY,surgeles,WOI-S1,-21.4,67,no,ok
102507,2026-10-06 05:00,WOIPPY,surgeles,WOI-S1,-21.4,62,no,ok
102508,2026-10-06 05:30,WOIPPY,surgeles,WOI-S1,-21.8,60,no,ok
102509,2026-10-06 06:00,WOIPPY,surgeles,WOI-S1,-21.1,62,no,ok
102510,2026-10-06 06:30,WOIPPY,surgeles,WOI-S1,-21.4,62,no,ok
102511,2026-10-06 07:00,WOIPPY,surgeles,WOI-S1,-21.4,58,no,ok
102512,2026-10-06 07:30,WOIPPY,surgeles,WOI-S1,-21.3,54,no,ok
102513,2026-10-06 08:00,WOIPPY,surgeles,WOI-S1,-20.4,62,no,ok
102514,2026-10-06 08:30,WOIPPY,surgeles,WOI-S1,-21.5,60,no,ok
102515,2026-10-06 09:00,WOIPPY,surgeles,WOI-S1,-20.2,62,no,ok
102516,2026-10-06 09:30,WOIPPY,surgeles,WOI-S1,-21.2,64,no,ok
102517,2026-10-06 10:00,WOIPPY,surgeles,WOI-S1,-21.8,62,no,ok
102518,2026-10-06 10:30,WOIPPY,surgeles,WOI-S1,-21.5,62,no,ok
102519,2026-10-06 11:00,WOIPPY,surgeles,WOI-S1,-20.6,61,no,ok
102520,2026-10-06 11:30,WOIPPY,surgeles,WOI-S1,-21.5,60,yes,ok
102521,2026-10-06 12:00,WOIPPY,surgeles,WOI-S1,-21.9,61,no,ok
102522,2026-10-06 12:30,WOIPPY,surgeles,WOI-S1,-21.4,66,no,ok
102523,2026-10-06 13:00,WOIPPY,surgeles,WOI-S1,-20.7,61,no,ok
102524,2026-10-06 13:30,WOIPPY,surgeles,WOI-S1,-20.2,71,no,ok
102525,2026-10-06 14:00,WOIPPY,surgeles,WOI-S1,-20.8,58,no,ok
102526,2026-10-06 14:30,WOIPPY,surgeles,WOI-S1,-20.7,61,no,ok
102527,2026-10-06 15:00,WOIPPY,surgeles,WOI-S1,-20.6,61,yes,ok
102528,2026-10-06 15:30,WOIPPY,surgeles,WOI-S1,-20.5,65,no,ok
102529,2026-10-06 16:00,WOIPPY,surgeles,WOI-S1,-21.6,63,no,ok
102530,2026-10-06 16:30,WOIPPY,surgeles,WOI-S1,-20.8,61,no,ok
102531,2026-10-06 17:00,WOIPPY,surgeles,WOI-S1,-20.4,57,no,ok
102532,2026-10-06 17:30,WOIPPY,surgeles,WOI-S1,-19.9,62,no,ok
102533,2026-10-06 18:00,WOIPPY,surgeles,WOI-S1,-20.6,65,no,ok
102534,2026-10-06 18:30,WOIPPY,surgeles,WOI-S1,-21.2,62,no,ok
102535,2026-10-06 19:00,WOIPPY,surgeles,WOI-S1,-20.1,63,no,ok
102536,2026-10-06 19:30,WOIPPY,surgeles,WOI-S1,-20.6,64,no,ok
102537,2026-10-06 20:00,WOIPPY,surgeles,WOI-S1,-21.0,63,no,ok
102538,2026-10-06 20:30,WOIPPY,surgeles,WOI-S1,-20.7,65,no,ok
102539,2026-10-06 21:00,WOIPPY,surgeles,WOI-S1,-22.3,59,no,ok
102540,2026-10-06 21:30,WOIPPY,surgeles,WOI-S1,-20.6,61,no,ok
102541,2026-10-06 22:00,WOIPPY,surgeles,WOI-S1,-20.0,53,no,ok
102542,2026-10-06 22:30,WOIPPY,surgeles,WOI-S1,-22.0,68,no,ok
102543,2026-10-06 23:00,WOIPPY,surgeles,WOI-S1,-20.9,61,no,ok
102544,2026-10-06 23:30,WOIPPY,surgeles,WOI-S1,-21.3,55,no,ok
102545,2026-10-06 00:00,WOIPPY,surgeles,WOI-S2,-21.3,65,no,ok
102546,2026-10-06 00:30,WOIPPY,surgeles,WOI-S2,-20.7,64,no,ok
102547,2026-10-06 01:00,WOIPPY,surgeles,WOI-S2,-20.9,67,no,ok
102548,2026-10-06 01:30,WOIPPY,surgeles,WOI-S2,-21.0,63,no,ok
102549,2026-10-06 02:00,WOIPPY,surgeles,WOI-S2,-21.0,62,no,ok
102550,2026-10-06 02:30,WOIPPY,surgeles,WOI-S2,-21.2,64,no,ok
102551,2026-10-06 03:00,WOIPPY,surgeles,WOI-S2,-20.7,64,no,ok
102552,2026-10-06 03:30,WOIPPY,surgeles,WOI-S2,-20.4,64,no,ok
102553,2026-10-06 04:00,WOIPPY,surgeles,WOI-S2,-21.1,60,no,ok
102554,2026-10-06 04:30,WOIPPY,surgeles,WOI-S2,-21.1,60,no,ok
102555,2026-10-06 05:00,WOIPPY,surgeles,WOI-S2,-21.3,60,no,ok
102556,2026-10-06 05:30,WOIPPY,surgeles,WOI-S2,-22.4,66,no,ok
102557,2026-10-06 06:00,WOIPPY,surgeles,WOI-S2,-20.1,64,no,ok
102558,2026-10-06 06:30,WOIPPY,surgeles,WOI-S2,-20.9,60,no,ok
102559,2026-10-06 07:00,WOIPPY,surgeles,WOI-S2,-20.0,61,no,ok
102560,2026-10-06 07:30,WOIPPY,surgeles,WOI-S2,-21.4,62,no,ok
102561,2026-10-06 08:00,WOIPPY,surgeles,WOI-S2,-21.5,62,no,ok
102562,2026-10-06 08:30,WOIPPY,surgeles,WOI-S2,-21.5,56,no,ok
102563,2026-10-06 09:00,WOIPPY,surgeles,WOI-S2,-20.9,60,no,ok
102564,2026-10-06 09:30,WOIPPY,surgeles,WOI-S2,-21.2,63,no,ok
102565,2026-10-06 10:00,WOIPPY,surgeles,WOI-S2,-19.7,54,no,ok
102566,2026-10-06 10:30,WOIPPY,surgeles,WOI-S2,-20.5,64,no,ok
102567,2026-10-06 11:00,WOIPPY,surgeles,WOI-S2,-21.2,63,no,ok
102568,2026-10-06 11:30,WOIPPY,surgeles,WOI-S2,-21.1,64,no,ok
102569,2026-10-06 12:00,WOIPPY,surgeles,WOI-S2,-21.0,67,no,ok
102570,2026-10-06 12:30,WOIPPY,surgeles,WOI-S2,-21.0,63,no,ok
102571,2026-10-06 13:00,WOIPPY,surgeles,WOI-S2,-21.1,63,no,ok
102572,2026-10-06 13:30,WOIPPY,surgeles,WOI-S2,-21.4,60,no,ok
102573,2026-10-06 14:00,WOIPPY,surgeles,WOI-S2,-21.7,61,no,ok
102574,2026-10-06 14:30,WOIPPY,surgeles,WOI-S2,-20.7,55,no,ok
102575,2026-10-06 15:00,WOIPPY,surgeles,WOI-S2,-21.8,61,no,ok
102576,2026-10-06 15:30,WOIPPY,surgeles,WOI-S2,-20.9,61,no,ok
102577,2026-10-06 16:00,WOIPPY,surgeles,WOI-S2,-20.8,60,no,ok
102578,2026-10-06 16:30,WOIPPY,surgeles,WOI-S2,-21.6,62,no,ok
102579,2026-10-06 17:00,WOIPPY,surgeles,WOI-S2,-20.5,63,no,ok
102580,2026-10-06 17:30,WOIPPY,surgeles,WOI-S2,-20.8,64,no,ok
102581,2026-10-06 18:00,WOIPPY,surgeles,WOI-S2,-21.6,60,no,ok
102582,2026-10-06 18:30,WOIPPY,surgeles,WOI-S2,-20.9,59,no,ok
102583,2026-10-06 19:00,WOIPPY,surgeles,WOI-S2,-20.9,63,no,ok
102584,2026-10-06 19:30,WOIPPY,surgeles,WOI-S2,-20.7,61,no,ok
102585,2026-10-06 20:00,WOIPPY,surgeles,WOI-S2,-21.5,59,no,ok
102586,2026-10-06 20:30,WOIPPY,surgeles,WOI-S2,-19.5,61,no,ok
102587,2026-10-06 21:00,WOIPPY,surgeles,WOI-S2,-20.5,64,yes,ok
102588,2026-10-06 21:30,WOIPPY,surgeles,WOI-S2,-20.7,65,no,ok
102589,2026-10-06 22:00,WOIPPY,surgeles,WOI-S2,-19.5,61,no,ok
102590,2026-10-06 22:30,WOIPPY,surgeles,WOI-S2,-21.8,66,no,ok
102591,2026-10-06 23:00,WOIPPY,surgeles,WOI-S2,-20.2,63,no,ok
102592,2026-10-06 23:30,WOIPPY,surgeles,WOI-S2,-20.7,66,no,ok
102593,2026-10-06 00:00,WOIPPY,surgeles,WOI-S3,-20.9,65,no,ok
102594,2026-10-06 00:30,WOIPPY,surgeles,WOI-S3,-20.7,61,no,ok
102595,2026-10-06 01:00,WOIPPY,surgeles,WOI-S3,-21.5,67,no,ok
102596,2026-10-06 01:30,WOIPPY,surgeles,WOI-S3,-21.1,66,no,ok
102597,2026-10-06 02:00,WOIPPY,surgeles,WOI-S3,-21.5,66,no,ok
102598,2026-10-06 02:30,WOIPPY,surgeles,WOI-S3,-20.8,67,no,ok
102599,2026-10-06 03:00,WOIPPY,surgeles,WOI-S3,-21.4,63,no,ok
102600,2026-10-06 03:30,WOIPPY,surgeles,WOI-S3,-22.1,62,no,ok
102601,2026-10-06 04:00,WOIPPY,surgeles,WOI-S3,-21.0,58,no,ok
102602,2026-10-06 04:30,WOIPPY,surgeles,WOI-S3,-22.0,58,no,ok
102603,2026-10-06 05:00,WOIPPY,surgeles,WOI-S3,-20.6,58,no,ok
102604,2026-10-06 05:30,WOIPPY,surgeles,WOI-S3,-21.5,63,no,ok
102605,2026-10-06 06:00,WOIPPY,surgeles,WOI-S3,-20.8,61,no,ok
102606,2026-10-06 06:30,WOIPPY,surgeles,WOI-S3,-20.6,64,no,ok
102607,2026-10-06 07:00,WOIPPY,surgeles,WOI-S3,-20.5,62,no,ok
102608,2026-10-06 07:30,WOIPPY,surgeles,WOI-S3,-20.9,64,no,ok
102609,2026-10-06 08:00,WOIPPY,surgeles,WOI-S3,-20.7,55,no,ok
102610,2026-10-06 08:30,WOIPPY,surgeles,WOI-S3,-21.0,64,no,ok
102611,2026-10-06 09:00,WOIPPY,surgeles,WOI-S3,-21.0,56,no,ok
102612,2026-10-06 09:30,WOIPPY,surgeles,WOI-S3,-20.1,62,no,ok
102613,2026-10-06 10:00,WOIPPY,surgeles,WOI-S3,-21.0,59,no,ok
102614,2026-10-06 10:30,WOIPPY,surgeles,WOI-S3,-21.4,58,no,ok
102615,2026-10-06 11:00,WOIPPY,surgeles,WOI-S3,-21.5,65,no,ok
102616,2026-10-06 11:30,WOIPPY,surgeles,WOI-S3,-20.8,67,no,ok
102617,2026-10-06 12:00,WOIPPY,surgeles,WOI-S3,-21.5,61,no,ok
102618,2026-10-06 12:30,WOIPPY,surgeles,WOI-S3,-21.3,69,no,ok
102619,2026-10-06 13:00,WOIPPY,surgeles,WOI-S3,-20.5,66,no,ok
102620,2026-10-06 13:30,WOIPPY,surgeles,WOI-S3,-20.6,63,no,ok
102621,2026-10-06 14:00,WOIPPY,surgeles,WOI-S3,-20.3,61,no,ok
102622,2026-10-06 14:30,WOIPPY,surgeles,WOI-S3,-21.9,63,no,ok
102623,2026-10-06 15:00,WOIPPY,surgeles,WOI-S3,-21.7,61,no,ok
102624,2026-10-06 15:30,WOIPPY,surgeles,WOI-S3,-20.8,59,no,ok
102625,2026-10-06 16:00,WOIPPY,surgeles,WOI-S3,-20.5,61,no,ok
102626,2026-10-06 16:30,WOIPPY,surgeles,WOI-S3,-21.2,61,no,ok
102627,2026-10-06 17:00,WOIPPY,surgeles,WOI-S3,-22.1,63,no,ok
102628,2026-10-06 17:30,WOIPPY,surgeles,WOI-S3,-20.8,60,no,ok
102629,2026-10-06 18:00,WOIPPY,surgeles,WOI-S3,-20.9,60,no,ok
102630,2026-10-06 18:30,WOIPPY,surgeles,WOI-S3,-20.7,61,no,ok
102631,2026-10-06 19:00,WOIPPY,surgeles,WOI-S3,-21.4,63,no,ok
102632,2026-10-06 19:30,WOIPPY,surgeles,WOI-S3,-21.6,64,no,ok
102633,2026-10-06 20:00,WOIPPY,surgeles,WOI-S3,-20.9,55,no,ok
102634,2026-10-06 20:30,WOIPPY,surgeles,WOI-S3,-22.2,62,no,ok
102635,2026-10-06 21:00,WOIPPY,surgeles,WOI-S3,-20.7,64,no,ok
102636,2026-10-06 21:30,WOIPPY,surgeles,WOI-S3,-21.1,62,no,ok
102637,2026-10-06 22:00,WOIPPY,surgeles,WOI-S3,-20.5,62,no,ok
102638,2026-10-06 22:30,WOIPPY,surgeles,WOI-S3,-21.6,64,no,ok
102639,2026-10-06 23:00,WOIPPY,surgeles,WOI-S3,-21.1,58,yes,ok
102640,2026-10-06 23:30,WOIPPY,surgeles,WOI-S3,-22.2,63,no,ok
102641,2026-10-06 00:00,WOIPPY,surgeles,WOI-S4,-20.7,61,no,ok
102642,2026-10-06 00:30,WOIPPY,surgeles,WOI-S4,-21.8,61,no,ok
102643,2026-10-06 01:00,WOIPPY,surgeles,WOI-S4,-20.9,59,no,ok
102644,2026-10-06 01:30,WOIPPY,surgeles,WOI-S4,-20.9,61,no,ok
102645,2026-10-06 02:00,WOIPPY,surgeles,WOI-S4,-20.8,60,no,ok
102646,2026-10-06 02:30,WOIPPY,surgeles,WOI-S4,-20.1,60,no,ok
102647,2026-10-06 03:00,WOIPPY,surgeles,WOI-S4,-21.1,59,no,ok
102648,2026-10-06 03:30,WOIPPY,surgeles,WOI-S4,-20.8,61,no,ok
102649,2026-10-06 04:00,WOIPPY,surgeles,WOI-S4,-21.3,62,no,ok
102650,2026-10-06 04:30,WOIPPY,surgeles,WOI-S4,-20.9,61,no,ok
102651,2026-10-06 05:00,WOIPPY,surgeles,WOI-S4,-21.1,62,no,ok
102652,2026-10-06 05:30,WOIPPY,surgeles,WOI-S4,-21.3,63,no,ok
102653,2026-10-06 06:00,WOIPPY,surgeles,WOI-S4,-20.6,65,no,ok
102654,2026-10-06 06:30,WOIPPY,surgeles,WOI-S4,-21.2,62,no,ok
102655,2026-10-06 07:00,WOIPPY,surgeles,WOI-S4,-20.8,59,no,ok
102656,2026-10-06 07:30,WOIPPY,surgeles,WOI-S4,-20.8,67,no,ok
102657,2026-10-06 08:00,WOIPPY,surgeles,WOI-S4,-20.8,65,no,ok
102658,2026-10-06 08:30,WOIPPY,surgeles,WOI-S4,-20.8,63,no,ok
102659,2026-10-06 09:00,WOIPPY,surgeles,WOI-S4,-20.3,62,no,ok
102660,2026-10-06 09:30,WOIPPY,surgeles,WOI-S4,-22.1,61,no,ok
102661,2026-10-06 10:00,WOIPPY,surgeles,WOI-S4,-20.9,63,no,ok
102662,2026-10-06 10:30,WOIPPY,surgeles,WOI-S4,-20.4,62,no,ok
102663,2026-10-06 11:00,WOIPPY,surgeles,WOI-S4,-21.5,60,no,ok
102664,2026-10-06 11:30,WOIPPY,surgeles,WOI-S4,-21.1,59,no,ok
102665,2026-10-06 12:00,WOIPPY,surgeles,WOI-S4,-21.1,63,no,ok
102666,2026-10-06 12:30,WOIPPY,surgeles,WOI-S4,-21.0,65,no,ok
102667,2026-10-06 13:00,WOIPPY,surgeles,WOI-S4,-20.4,58,yes,ok
102668,2026-10-06 13:30,WOIPPY,surgeles,WOI-S4,-20.9,62,no,ok
102669,2026-10-06 14:00,WOIPPY,surgeles,WOI-S4,-20.4,57,no,ok
102670,2026-10-06 14:30,WOIPPY,surgeles,WOI-S4,-20.4,60,no,ok
102671,2026-10-06 15:00,WOIPPY,surgeles,WOI-S4,-21.6,64,no,ok
102672,2026-10-06 15:30,WOIPPY,surgeles,WOI-S4,-21.0,61,no,ok
102673,2026-10-06 16:00,WOIPPY,surgeles,WOI-S4,-20.8,58,no,ok
102674,2026-10-06 16:30,WOIPPY,surgeles,WOI-S4,-21.3,62,no,ok
102675,2026-10-06 17:00,WOIPPY,surgeles,WOI-S4,-20.9,60,no,ok
102676,2026-10-06 17:30,WOIPPY,surgeles,WOI-S4,-21.7,65,no,ok
102677,2026-10-06 18:00,WOIPPY,surgeles,WOI-S4,-19.7,59,yes,ok
102678,2026-10-06 18:30,WOIPPY,surgeles,WOI-S4,-21.3,60,no,ok
102679,2026-10-06 19:00,WOIPPY,surgeles,WOI-S4,-20.8,62,no,ok
102680,2026-10-06 19:30,WOIPPY,surgeles,WOI-S4,-21.0,64,no,ok
102681,2026-10-06 20:00,WOIPPY,surgeles,WOI-S4,-20.8,56,no,ok
102682,2026-10-06 20:30,WOIPPY,surgeles,WOI-S4,-20.2,63,no,ok
102683,2026-10-06 21:00,WOIPPY,surgeles,WOI-S4,-21.2,63,no,ok
102684,2026-10-06 21:30,WOIPPY,surgeles,WOI-S4,-21.0,64,no,ok
102685,2026-10-06 22:00,WOIPPY,surgeles,WOI-S4,-21.0,59,no,ok
102686,2026-10-06 22:30,WOIPPY,surgeles,WOI-S4,-20.5,65,no,ok
102687,2026-10-06 23:00,WOIPPY,surgeles,WOI-S4,-21.0,60,no,ok
102688,2026-10-06 23:30,WOIPPY,surgeles,WOI-S4,-21.7,61,no,ok
102689,2026-10-06 00:00,ENNERY,frais,ENN-F1,2.2,83,no,ok
102690,2026-10-06 00:30,ENNERY,frais,ENN-F1,1.9,77,no,ok
102691,2026-10-06 01:00,ENNERY,frais,ENN-F1,2.7,78,no,ok
102692,2026-10-06 01:30,ENNERY,frais,ENN-F1,2.6,78,no,ok
102693,2026-10-06 02:00,ENNERY,frais,ENN-F1,2.1,77,no,ok
102694,2026-10-06 02:30,ENNERY,frais,ENN-F1,3.0,78,no,ok
102695,2026-10-06 03:00,ENNERY,frais,ENN-F1,2.7,75,no,ok
102696,2026-10-06 03:30,ENNERY,frais,ENN-F1,2.9,77,no,ok
102697,2026-10-06 04:00,ENNERY,frais,ENN-F1,2.8,75,no,ok
102698,2026-10-06 04:30,ENNERY,frais,ENN-F1,2.3,76,no,ok
102699,2026-10-06 05:00,ENNERY,frais,ENN-F1,2.0,76,yes,ok
102700,2026-10-06 05:30,ENNERY,frais,ENN-F1,2.3,75,no,ok
102701,2026-10-06 06:00,ENNERY,frais,ENN-F1,2.6,78,no,ok
102702,2026-10-06 06:30,ENNERY,frais,ENN-F1,3.0,84,no,ok
102703,2026-10-06 07:00,ENNERY,frais,ENN-F1,2.9,77,no,ok
102704,2026-10-06 07:30,ENNERY,frais,ENN-F1,3.5,77,no,ok
102705,2026-10-06 08:00,ENNERY,frais,ENN-F1,3.2,83,no,ok
102706,2026-10-06 08:30,ENNERY,frais,ENN-F1,2.3,80,no,ok
102707,2026-10-06 09:00,ENNERY,frais,ENN-F1,3.2,77,no,ok
102708,2026-10-06 09:30,ENNERY,frais,ENN-F1,2.2,80,no,ok
102709,2026-10-06 10:00,ENNERY,frais,ENN-F1,3.3,77,no,ok
102710,2026-10-06 10:30,ENNERY,frais,ENN-F1,3.0,74,no,ok
102711,2026-10-06 11:00,ENNERY,frais,ENN-F1,2.5,78,no,ok
102712,2026-10-06 11:30,ENNERY,frais,ENN-F1,2.3,80,no,ok
102713,2026-10-06 12:00,ENNERY,frais,ENN-F1,2.9,75,no,ok
102714,2026-10-06 12:30,ENNERY,frais,ENN-F1,2.6,79,no,ok
102715,2026-10-06 13:00,ENNERY,frais,ENN-F1,2.4,84,no,ok
102716,2026-10-06 13:30,ENNERY,frais,ENN-F1,1.8,78,no,ok
102717,2026-10-06 14:00,ENNERY,frais,ENN-F1,2.4,76,no,ok
102718,2026-10-06 14:30,ENNERY,frais,ENN-F1,2.3,80,no,ok
102719,2026-10-06 15:00,ENNERY,frais,ENN-F1,2.1,77,no,ok
102720,2026-10-06 15:30,ENNERY,frais,ENN-F1,3.0,81,no,ok
102721,2026-10-06 16:00,ENNERY,frais,ENN-F1,3.1,76,no,ok
102722,2026-10-06 16:30,ENNERY,frais,ENN-F1,2.5,69,no,ok
102723,2026-10-06 17:00,ENNERY,frais,ENN-F1,2.4,80,no,ok
102724,2026-10-06 17:30,ENNERY,frais,ENN-F1,2.6,74,no,ok
102725,2026-10-06 18:00,ENNERY,frais,ENN-F1,2.6,80,no,ok
102726,2026-10-06 18:30,ENNERY,frais,ENN-F1,2.8,79,no,ok
102727,2026-10-06 19:00,ENNERY,frais,ENN-F1,2.8,72,no,ok
102728,2026-10-06 19:30,ENNERY,frais,ENN-F1,2.6,76,no,ok
102729,2026-10-06 20:00,ENNERY,frais,ENN-F1,2.0,81,no,ok
102730,2026-10-06 20:30,ENNERY,frais,ENN-F1,2.5,76,no,ok
102731,2026-10-06 21:00,ENNERY,frais,ENN-F1,2.6,80,no,ok
102732,2026-10-06 21:30,ENNERY,frais,ENN-F1,3.4,76,no,ok
102733,2026-10-06 22:00,ENNERY,frais,ENN-F1,2.1,77,no,ok
102734,2026-10-06 22:30,ENNERY,frais,ENN-F1,1.5,70,no,ok
102735,2026-10-06 23:00,ENNERY,frais,ENN-F1,2.6,80,no,ok
102736,2026-10-06 23:30,ENNERY,frais,ENN-F1,2.8,81,no,ok
102737,2026-10-06 00:00,ENNERY,frais,ENN-F2,1.7,84,no,ok
102738,2026-10-06 00:30,ENNERY,frais,ENN-F2,3.5,84,no,ok
102739,2026-10-06 01:00,ENNERY,frais,ENN-F2,3.1,83,no,ok
102740,2026-10-06 01:30,ENNERY,frais,ENN-F2,2.1,79,no,ok
102741,2026-10-06 02:00,ENNERY,frais,ENN-F2,2.3,86,no,ok
102742,2026-10-06 02:30,ENNERY,frais,ENN-F2,2.1,80,no,ok
102743,2026-10-06 03:00,ENNERY,frais,ENN-F2,1.7,78,no,ok
102744,2026-10-06 03:30,ENNERY,frais,ENN-F2,2.5,74,no,ok
102745,2026-10-06 04:00,ENNERY,frais,ENN-F2,2.9,76,no,ok
102746,2026-10-06 04:30,ENNERY,frais,ENN-F2,2.2,72,no,ok
102747,2026-10-06 05:00,ENNERY,frais,ENN-F2,1.6,77,no,ok
102748,2026-10-06 05:30,ENNERY,frais,ENN-F2,3.2,78,no,ok
102749,2026-10-06 06:00,ENNERY,frais,ENN-F2,3.0,79,no,ok
102750,2026-10-06 06:30,ENNERY,frais,ENN-F2,2.8,88,no,ok
102751,2026-10-06 07:00,ENNERY,frais,ENN-F2,1.8,82,no,ok
102752,2026-10-06 07:30,ENNERY,frais,ENN-F2,2.5,79,no,ok
102753,2026-10-06 08:00,ENNERY,frais,ENN-F2,2.5,81,no,ok
102754,2026-10-06 08:30,ENNERY,frais,ENN-F2,3.0,79,no,ok
102755,2026-10-06 09:00,ENNERY,frais,ENN-F2,1.9,83,no,ok
102756,2026-10-06 09:30,ENNERY,frais,ENN-F2,2.8,76,no,ok
102757,2026-10-06 10:00,ENNERY,frais,ENN-F2,2.9,81,no,ok
102758,2026-10-06 10:30,ENNERY,frais,ENN-F2,2.4,75,no,ok
102759,2026-10-06 11:00,ENNERY,frais,ENN-F2,2.1,75,no,ok
102760,2026-10-06 11:30,ENNERY,frais,ENN-F2,1.6,80,no,ok
102761,2026-10-06 12:00,ENNERY,frais,ENN-F2,1.6,75,no,ok
102762,2026-10-06 12:30,ENNERY,frais,ENN-F2,2.5,82,no,ok
102763,2026-10-06 13:00,ENNERY,frais,ENN-F2,2.6,80,no,ok
102764,2026-10-06 13:30,ENNERY,frais,ENN-F2,2.9,77,no,ok
102765,2026-10-06 14:00,ENNERY,frais,ENN-F2,2.6,78,no,ok
102766,2026-10-06 14:30,ENNERY,frais,ENN-F2,2.7,81,no,ok
102767,2026-10-06 15:00,ENNERY,frais,ENN-F2,2.4,82,no,ok
102768,2026-10-06 15:30,ENNERY,frais,ENN-F2,2.6,79,no,ok
102769,2026-10-06 16:00,ENNERY,frais,ENN-F2,2.4,75,no,ok
102770,2026-10-06 16:30,ENNERY,frais,ENN-F2,2.9,77,no,ok
102771,2026-10-06 17:00,ENNERY,frais,ENN-F2,3.3,77,no,ok
102772,2026-10-06 17:30,ENNERY,frais,ENN-F2,1.9,80,no,ok
102773,2026-10-06 18:00,ENNERY,frais,ENN-F2,2.9,81,no,ok
102774,2026-10-06 18:30,ENNERY,frais,ENN-F2,2.7,74,no,ok
102775,2026-10-06 19:00,ENNERY,frais,ENN-F2,3.2,69,no,ok
102776,2026-10-06 19:30,ENNERY,frais,ENN-F2,1.1,76,no,ok
102777,2026-10-06 20:00,ENNERY,frais,ENN-F2,3.0,81,no,ok
102778,2026-10-06 20:30,ENNERY,frais,ENN-F2,2.4,83,no,ok
102779,2026-10-06 21:00,ENNERY,frais,ENN-F2,3.0,77,no,ok
102780,2026-10-06 21:30,ENNERY,frais,ENN-F2,1.8,75,no,ok
102781,2026-10-06 22:00,ENNERY,frais,ENN-F2,3.3,80,no,ok
102782,2026-10-06 22:30,ENNERY,frais,ENN-F2,2.4,79,no,ok
102783,2026-10-06 23:00,ENNERY,frais,ENN-F2,3.7,79,no,ok
102784,2026-10-06 23:30,ENNERY,frais,ENN-F2,2.7,82,no,ok
102785,2026-10-06 00:00,ENNERY,frais,ENN-F3,2.4,75,no,ok
102786,2026-10-06 00:30,ENNERY,frais,ENN-F3,2.3,76,no,ok
102787,2026-10-06 01:00,ENNERY,frais,ENN-F3,2.4,77,no,ok
102788,2026-10-06 01:30,ENNERY,frais,ENN-F3,2.6,72,no,ok
102789,2026-10-06 02:00,ENNERY,frais,ENN-F3,2.2,76,no,ok
102790,2026-10-06 02:30,ENNERY,frais,ENN-F3,2.1,80,no,ok
102791,2026-10-06 03:00,ENNERY,frais,ENN-F3,2.3,85,no,ok
102792,2026-10-06 03:30,ENNERY,frais,ENN-F3,2.6,81,no,ok
102793,2026-10-06 04:00,ENNERY,frais,ENN-F3,2.4,75,no,ok
102794,2026-10-06 04:30,ENNERY,frais,ENN-F3,1.8,81,no,ok
102795,2026-10-06 05:00,ENNERY,frais,ENN-F3,3.0,78,no,ok
102796,2026-10-06 05:30,ENNERY,frais,ENN-F3,2.4,76,no,ok
102797,2026-10-06 06:00,ENNERY,frais,ENN-F3,1.7,78,no,ok
102798,2026-10-06 06:30,ENNERY,frais,ENN-F3,2.2,78,no,ok
102799,2026-10-06 07:00,ENNERY,frais,ENN-F3,3.1,79,no,ok
102800,2026-10-06 07:30,ENNERY,frais,ENN-F3,2.7,80,no,ok
102801,2026-10-06 08:00,ENNERY,frais,ENN-F3,2.9,79,no,ok
102802,2026-10-06 08:30,ENNERY,frais,ENN-F3,2.7,74,no,ok
102803,2026-10-06 09:00,ENNERY,frais,ENN-F3,2.0,80,yes,ok
102804,2026-10-06 09:30,ENNERY,frais,ENN-F3,2.3,81,no,ok
102805,2026-10-06 10:00,ENNERY,frais,ENN-F3,1.5,78,no,ok
102806,2026-10-06 10:30,ENNERY,frais,ENN-F3,1.7,80,no,ok
102807,2026-10-06 11:00,ENNERY,frais,ENN-F3,3.0,77,no,ok
102808,2026-10-06 11:30,ENNERY,frais,ENN-F3,2.7,77,no,ok
102809,2026-10-06 12:00,ENNERY,frais,ENN-F3,2.6,82,no,ok
102810,2026-10-06 12:30,ENNERY,frais,ENN-F3,2.1,75,no,ok
102811,2026-10-06 13:00,ENNERY,frais,ENN-F3,2.5,78,no,ok
102812,2026-10-06 13:30,ENNERY,frais,ENN-F3,3.3,79,no,ok
102813,2026-10-06 14:00,ENNERY,frais,ENN-F3,1.6,77,no,ok
102814,2026-10-06 14:30,ENNERY,frais,ENN-F3,2.8,77,no,ok
102815,2026-10-06 15:00,ENNERY,frais,ENN-F3,3.9,77,no,ok
102816,2026-10-06 15:30,ENNERY,frais,ENN-F3,1.1,78,no,ok
102817,2026-10-06 16:00,ENNERY,frais,ENN-F3,2.4,77,no,ok
102818,2026-10-06 16:30,ENNERY,frais,ENN-F3,2.6,80,no,ok
102819,2026-10-06 17:00,ENNERY,frais,ENN-F3,2.7,83,no,ok
102820,2026-10-06 17:30,ENNERY,frais,ENN-F3,2.3,78,no,ok
102821,2026-10-06 18:00,ENNERY,frais,ENN-F3,2.9,77,no,ok
102822,2026-10-06 18:30,ENNERY,frais,ENN-F3,3.0,76,no,ok
102823,2026-10-06 19:00,ENNERY,frais,ENN-F3,1.8,77,no,ok
102824,2026-10-06 19:30,ENNERY,frais,ENN-F3,3.2,76,no,ok
102825,2026-10-06 20:00,ENNERY,frais,ENN-F3,2.9,78,no,ok
102826,2026-10-06 20:30,ENNERY,frais,ENN-F3,1.9,81,no,ok
102827,2026-10-06 21:00,ENNERY,frais,ENN-F3,2.7,79,no,ok
102828,2026-10-06 21:30,ENNERY,frais,ENN-F3,1.7,76,no,ok
102829,2026-10-06 22:00,ENNERY,frais,ENN-F3,2.1,76,no,ok
102830,2026-10-06 22:30,ENNERY,frais,ENN-F3,2.4,78,no,ok
102831,2026-10-06 23:00,ENNERY,frais,ENN-F3,1.8,79,no,ok
102832,2026-10-06 23:30,ENNERY,frais,ENN-F3,2.5,77,no,ok
102833,2026-10-06 00:00,ENNERY,frais,ENN-F4,2.8,81,no,ok
102834,2026-10-06 00:30,ENNERY,frais,ENN-F4,2.3,75,no,ok
102835,2026-10-06 01:00,ENNERY,frais,ENN-F4,1.9,80,no,ok
102836,2026-10-06 01:30,ENNERY,frais,ENN-F4,2.0,79,no,ok
102837,2026-10-06 02:00,ENNERY,frais,ENN-F4,2.0,80,no,ok
102838,2026-10-06 02:30,ENNERY,frais,ENN-F4,2.8,75,no,ok
102839,2026-10-06 03:00,ENNERY,frais,ENN-F4,1.9,75,no,ok
102840,2026-10-06 03:30,ENNERY,frais,ENN-F4,3.1,76,no,ok
102841,2026-10-06 04:00,ENNERY,frais,ENN-F4,2.6,75,no,ok
102842,2026-10-06 04:30,ENNERY,frais,ENN-F4,2.9,74,no,ok
102843,2026-10-06 05:00,ENNERY,frais,ENN-F4,1.9,77,no,ok
102844,2026-10-06 05:30,ENNERY,frais,ENN-F4,2.7,78,no,ok
102845,2026-10-06 06:00,ENNERY,frais,ENN-F4,2.8,75,no,ok
102846,2026-10-06 06:30,ENNERY,frais,ENN-F4,3.1,75,no,ok
102847,2026-10-06 07:00,ENNERY,frais,ENN-F4,2.6,76,no,ok
102848,2026-10-06 07:30,ENNERY,frais,ENN-F4,2.8,78,no,ok
102849,2026-10-06 08:00,ENNERY,frais,ENN-F4,3.0,72,no,ok
102850,2026-10-06 08:30,ENNERY,frais,ENN-F4,2.3,78,no,ok
102851,2026-10-06 09:00,ENNERY,frais,ENN-F4,2.4,78,no,ok
102852,2026-10-06 09:30,ENNERY,frais,ENN-F4,2.5,75,yes,ok
102853,2026-10-06 10:00,ENNERY,frais,ENN-F4,2.3,80,no,ok
102854,2026-10-06 10:30,ENNERY,frais,ENN-F4,3.3,76,no,ok
102855,2026-10-06 11:00,ENNERY,frais,ENN-F4,2.2,80,no,ok
102856,2026-10-06 11:30,ENNERY,frais,ENN-F4,3.9,74,no,ok
102857,2026-10-06 12:00,ENNERY,frais,ENN-F4,2.7,85,no,ok
102858,2026-10-06 12:30,ENNERY,frais,ENN-F4,2.7,76,no,ok
102859,2026-10-06 13:00,ENNERY,frais,ENN-F4,2.5,78,no,ok
102860,2026-10-06 13:30,ENNERY,frais,ENN-F4,2.5,80,no,ok
102861,2026-10-06 14:00,ENNERY,frais,ENN-F4,2.4,75,no,ok
102862,2026-10-06 14:30,ENNERY,frais,ENN-F4,2.1,79,no,ok
102863,2026-10-06 15:00,ENNERY,frais,ENN-F4,1.5,75,no,ok
102864,2026-10-06 15:30,ENNERY,frais,ENN-F4,2.5,83,no,ok
102865,2026-10-06 16:00,ENNERY,frais,ENN-F4,2.7,77,no,ok
102866,2026-10-06 16:30,ENNERY,frais,ENN-F4,2.9,79,no,ok
102867,2026-10-06 17:00,ENNERY,frais,ENN-F4,2.5,79,no,ok
102868,2026-10-06 17:30,ENNERY,frais,ENN-F4,3.3,78,no,ok
102869,2026-10-06 18:00,ENNERY,frais,ENN-F4,2.5,81,no,ok
102870,2026-10-06 18:30,ENNERY,frais,ENN-F4,3.0,76,no,ok
102871,2026-10-06 19:00,ENNERY,frais,ENN-F4,1.8,78,no,ok
102872,2026-10-06 19:30,ENNERY,frais,ENN-F4,3.0,70,no,ok
102873,2026-10-06 20:00,ENNERY,frais,ENN-F4,3.0,76,no,ok
102874,2026-10-06 20:30,ENNERY,frais,ENN-F4,1.9,77,no,ok
102875,2026-10-06 21:00,ENNERY,frais,ENN-F4,2.7,75,no,ok
102876,2026-10-06 21:30,ENNERY,frais,ENN-F4,2.5,81,no,ok
102877,2026-10-06 22:00,ENNERY,frais,ENN-F4,3.1,78,no,ok
102878,2026-10-06 22:30,ENNERY,frais,ENN-F4,1.9,80,no,ok
102879,2026-10-06 23:00,ENNERY,frais,ENN-F4,2.1,82,no,ok
102880,2026-10-06 23:30,ENNERY,frais,ENN-F4,2.3,73,no,ok
102881,2026-10-06 00:00,ENNERY,surgeles,ENN-S1,-20.9,66,no,ok
102882,2026-10-06 00:30,ENNERY,surgeles,ENN-S1,-21.3,56,no,ok
102883,2026-10-06 01:00,ENNERY,surgeles,ENN-S1,-20.4,65,no,ok
102884,2026-10-06 01:30,ENNERY,surgeles,ENN-S1,-20.0,66,no,ok
102885,2026-10-06 02:00,ENNERY,surgeles,ENN-S1,-20.5,64,no,ok
102886,2026-10-06 02:30,ENNERY,surgeles,ENN-S1,-20.8,62,no,ok
102887,2026-10-06 09:00,ENNERY,surgeles,ENN-S1,-20.8,63,no,ok
102888,2026-10-06 09:30,ENNERY,surgeles,ENN-S1,-21.3,57,no,ok
102889,2026-10-06 10:00,ENNERY,surgeles,ENN-S1,-20.8,66,no,ok
102890,2026-10-06 10:30,ENNERY,surgeles,ENN-S1,-21.4,64,no,ok
102891,2026-10-06 11:00,ENNERY,surgeles,ENN-S1,-20.9,64,no,ok
102892,2026-10-06 11:30,ENNERY,surgeles,ENN-S1,-21.1,62,no,ok
102893,2026-10-06 12:00,ENNERY,surgeles,ENN-S1,-21.2,59,no,ok
102894,2026-10-06 12:30,ENNERY,surgeles,ENN-S1,-21.5,65,no,ok
102895,2026-10-06 13:00,ENNERY,surgeles,ENN-S1,-21.0,59,no,ok
102896,2026-10-06 13:30,ENNERY,surgeles,ENN-S1,-20.3,62,no,ok
102897,2026-10-06 14:00,ENNERY,surgeles,ENN-S1,-20.5,64,no,ok
102898,2026-10-06 14:30,ENNERY,surgeles,ENN-S1,-20.7,68,no,ok
102899,2026-10-06 15:00,ENNERY,surgeles,ENN-S1,-21.0,65,no,ok
102900,2026-10-06 15:30,ENNERY,surgeles,ENN-S1,-21.0,61,no,ok
102901,2026-10-06 16:00,ENNERY,surgeles,ENN-S1,-22.0,64,no,ok
102902,2026-10-06 16:30,ENNERY,surgeles,ENN-S1,-21.6,64,no,ok
102903,2026-10-06 17:00,ENNERY,surgeles,ENN-S1,-21.0,64,no,ok
102904,2026-10-06 17:30,ENNERY,surgeles,ENN-S1,-20.6,62,no,ok
102905,2026-10-06 18:00,ENNERY,surgeles,ENN-S1,-21.2,61,no,ok
102906,2026-10-06 18:30,ENNERY,surgeles,ENN-S1,-20.5,64,no,ok
102907,2026-10-06 19:00,ENNERY,surgeles,ENN-S1,-21.3,55,no,ok
102908,2026-10-06 19:30,ENNERY,surgeles,ENN-S1,-20.4,59,yes,ok
102909,2026-10-06 20:00,ENNERY,surgeles,ENN-S1,-21.4,61,no,ok
102910,2026-10-06 20:30,ENNERY,surgeles,ENN-S1,-21.7,68,no,ok
102911,2026-10-06 21:00,ENNERY,surgeles,ENN-S1,-21.3,63,no,ok
102912,2026-10-06 21:30,ENNERY,surgeles,ENN-S1,-21.2,64,no,ok
102913,2026-10-06 22:00,ENNERY,surgeles,ENN-S1,-20.8,61,no,ok
102914,2026-10-06 22:30,ENNERY,surgeles,ENN-S1,-21.3,60,no,ok
102915,2026-10-06 23:00,ENNERY,surgeles,ENN-S1,-20.7,61,no,ok
102916,2026-10-06 23:30,ENNERY,surgeles,ENN-S1,-22.0,61,no,ok
102917,2026-10-06 00:00,ENNERY,surgeles,ENN-S2,-20.1,66,no,ok
102918,2026-10-06 00:30,ENNERY,surgeles,ENN-S2,-20.7,61,no,ok
102919,2026-10-06 01:00,ENNERY,surgeles,ENN-S2,-20.8,60,no,ok
102920,2026-10-06 01:30,ENNERY,surgeles,ENN-S2,-21.9,60,no,ok
102921,2026-10-06 02:00,ENNERY,surgeles,ENN-S2,-21.5,60,no,ok
102922,2026-10-06 02:30,ENNERY,surgeles,ENN-S2,-21.8,70,no,ok
102923,2026-10-06 03:00,ENNERY,surgeles,ENN-S2,-20.5,61,no,ok
102924,2026-10-06 03:30,ENNERY,surgeles,ENN-S2,-21.4,58,no,ok
102925,2026-10-06 04:00,ENNERY,surgeles,ENN-S2,-21.3,66,no,ok
102926,2026-10-06 04:30,ENNERY,surgeles,ENN-S2,-21.2,69,no,ok
102927,2026-10-06 05:00,ENNERY,surgeles,ENN-S2,-22.2,61,no,ok
102928,2026-10-06 05:30,ENNERY,surgeles,ENN-S2,-20.3,63,no,ok
102929,2026-10-06 06:00,ENNERY,surgeles,ENN-S2,-20.8,53,no,ok
102930,2026-10-06 06:30,ENNERY,surgeles,ENN-S2,-21.3,58,no,ok
102931,2026-10-06 07:00,ENNERY,surgeles,ENN-S2,-20.7,62,no,ok
102932,2026-10-06 07:30,ENNERY,surgeles,ENN-S2,-20.4,66,no,ok
102933,2026-10-06 08:00,ENNERY,surgeles,ENN-S2,-21.2,62,no,ok
102934,2026-10-06 08:30,ENNERY,surgeles,ENN-S2,-20.8,64,no,ok
102935,2026-10-06 09:00,ENNERY,surgeles,ENN-S2,-20.4,61,no,ok
102936,2026-10-06 09:30,ENNERY,surgeles,ENN-S2,-20.5,62,no,ok
102937,2026-10-06 10:00,ENNERY,surgeles,ENN-S2,-20.6,63,no,ok
102938,2026-10-06 10:30,ENNERY,surgeles,ENN-S2,-20.9,58,no,ok
102939,2026-10-06 11:00,ENNERY,surgeles,ENN-S2,-21.3,56,no,ok
102940,2026-10-06 11:30,ENNERY,surgeles,ENN-S2,-21.2,64,no,ok
102941,2026-10-06 12:00,ENNERY,surgeles,ENN-S2,-20.6,64,no,ok
102942,2026-10-06 12:30,ENNERY,surgeles,ENN-S2,-21.3,66,no,ok
102943,2026-10-06 13:00,ENNERY,surgeles,ENN-S2,-20.6,64,no,ok
102944,2026-10-06 13:30,ENNERY,surgeles,ENN-S2,-21.2,62,no,ok
102945,2026-10-06 14:00,ENNERY,surgeles,ENN-S2,-21.2,62,no,ok
102946,2026-10-06 14:30,ENNERY,surgeles,ENN-S2,-21.4,64,no,ok
102947,2026-10-06 15:00,ENNERY,surgeles,ENN-S2,-21.7,63,no,ok
102948,2026-10-06 15:30,ENNERY,surgeles,ENN-S2,-21.2,62,no,ok
102949,2026-10-06 16:00,ENNERY,surgeles,ENN-S2,-20.9,63,no,ok
102950,2026-10-06 16:30,ENNERY,surgeles,ENN-S2,-21.2,62,no,ok
102951,2026-10-06 17:00,ENNERY,surgeles,ENN-S2,-20.6,65,no,ok
102952,2026-10-06 17:30,ENNERY,surgeles,ENN-S2,-22.0,60,no,ok
102953,2026-10-06 18:00,ENNERY,surgeles,ENN-S2,-21.2,66,no,ok
102954,2026-10-06 18:30,ENNERY,surgeles,ENN-S2,-20.3,59,no,ok
102955,2026-10-06 19:00,ENNERY,surgeles,ENN-S2,-20.3,60,no,ok
102956,2026-10-06 19:30,ENNERY,surgeles,ENN-S2,-20.5,57,no,ok
102957,2026-10-06 20:00,ENNERY,surgeles,ENN-S2,-21.0,56,no,ok
102958,2026-10-06 20:30,ENNERY,surgeles,ENN-S2,-21.2,63,no,ok
102959,2026-10-06 21:00,ENNERY,surgeles,ENN-S2,-21.1,64,no,ok
102960,2026-10-06 21:30,ENNERY,surgeles,ENN-S2,-20.5,57,no,ok
102961,2026-10-06 22:00,ENNERY,surgeles,ENN-S2,-21.0,65,no,ok
102962,2026-10-06 22:30,ENNERY,surgeles,ENN-S2,-20.7,63,no,ok
102963,2026-10-06 23:00,ENNERY,surgeles,ENN-S2,-20.9,62,no,ok
102964,2026-10-06 23:30,ENNERY,surgeles,ENN-S2,-21.3,60,no,ok
102965,2026-10-06 00:00,ENNERY,surgeles,ENN-S3,-20.3,63,no,ok
102966,2026-10-06 00:30,ENNERY,surgeles,ENN-S3,-21.4,58,no,ok
102967,2026-10-06 01:00,ENNERY,surgeles,ENN-S3,-21.1,59,no,ok
102968,2026-10-06 01:30,ENNERY,surgeles,ENN-S3,-20.8,56,no,ok
102969,2026-10-06 02:00,ENNERY,surgeles,ENN-S3,-21.4,65,no,ok
102970,2026-10-06 02:30,ENNERY,surgeles,ENN-S3,-20.3,59,no,ok
102971,2026-10-06 03:00,ENNERY,surgeles,ENN-S3,-20.7,62,no,ok
102972,2026-10-06 03:30,ENNERY,surgeles,ENN-S3,-21.6,58,no,ok
102973,2026-10-06 04:00,ENNERY,surgeles,ENN-S3,-21.4,62,no,ok
102974,2026-10-06 04:30,ENNERY,surgeles,ENN-S3,-21.0,61,no,ok
102975,2026-10-06 05:00,ENNERY,surgeles,ENN-S3,-21.3,63,no,ok
102976,2026-10-06 05:30,ENNERY,surgeles,ENN-S3,-21.3,58,no,ok
102977,2026-10-06 06:00,ENNERY,surgeles,ENN-S3,-20.8,65,no,ok
102978,2026-10-06 06:30,ENNERY,surgeles,ENN-S3,-21.2,66,no,ok
102979,2026-10-06 07:00,ENNERY,surgeles,ENN-S3,-20.6,66,no,ok
102980,2026-10-06 07:30,ENNERY,surgeles,ENN-S3,-21.7,60,no,ok
102981,2026-10-06 08:00,ENNERY,surgeles,ENN-S3,-20.8,60,no,ok
102982,2026-10-06 08:30,ENNERY,surgeles,ENN-S3,-20.3,60,yes,ok
102983,2026-10-06 09:00,ENNERY,surgeles,ENN-S3,-20.7,65,no,ok
102984,2026-10-06 09:30,ENNERY,surgeles,ENN-S3,-21.6,64,no,ok
102985,2026-10-06 10:00,ENNERY,surgeles,ENN-S3,-19.8,58,no,ok
102986,2026-10-06 10:30,ENNERY,surgeles,ENN-S3,-21.1,66,no,ok
102987,2026-10-06 11:00,ENNERY,surgeles,ENN-S3,-21.4,56,no,ok
102988,2026-10-06 11:30,ENNERY,surgeles,ENN-S3,-21.1,59,no,ok
102989,2026-10-06 12:00,ENNERY,surgeles,ENN-S3,-21.4,60,no,ok
102990,2026-10-06 12:30,ENNERY,surgeles,ENN-S3,-20.6,65,no,ok
102991,2026-10-06 13:00,ENNERY,surgeles,ENN-S3,-21.0,57,no,ok
102992,2026-10-06 13:30,ENNERY,surgeles,ENN-S3,-21.5,58,yes,ok
102993,2026-10-06 14:00,ENNERY,surgeles,ENN-S3,-21.7,63,no,ok
102994,2026-10-06 14:30,ENNERY,surgeles,ENN-S3,-20.8,64,no,ok
102995,2026-10-06 15:00,ENNERY,surgeles,ENN-S3,-20.9,60,no,ok
102996,2026-10-06 15:30,ENNERY,surgeles,ENN-S3,-21.1,64,no,ok
102997,2026-10-06 16:00,ENNERY,surgeles,ENN-S3,-22.0,60,no,ok
102998,2026-10-06 16:30,ENNERY,surgeles,ENN-S3,-20.3,62,yes,ok
102999,2026-10-06 17:00,ENNERY,surgeles,ENN-S3,-21.5,66,no,ok
103000,2026-10-06 17:30,ENNERY,surgeles,ENN-S3,-20.8,62,no,ok
103001,2026-10-06 18:00,ENNERY,surgeles,ENN-S3,-20.8,64,no,ok
103002,2026-10-06 18:30,ENNERY,surgeles,ENN-S3,-19.8,61,no,ok
103003,2026-10-06 19:00,ENNERY,surgeles,ENN-S3,-20.8,63,no,ok
103004,2026-10-06 19:30,ENNERY,surgeles,ENN-S3,-20.3,58,no,ok
103005,2026-10-06 20:00,ENNERY,surgeles,ENN-S3,-21.1,59,no,ok
103006,2026-10-06 20:30,ENNERY,surgeles,ENN-S3,-21.5,59,no,ok
103007,2026-10-06 21:00,ENNERY,surgeles,ENN-S3,-21.2,63,no,ok
103008,2026-10-06 21:30,ENNERY,surgeles,ENN-S3,-21.2,60,no,ok
103009,2026-10-06 22:00,ENNERY,surgeles,ENN-S3,-20.5,63,no,ok
103010,2026-10-06 22:30,ENNERY,surgeles,ENN-S3,-20.7,64,no,ok
103011,2026-10-06 23:00,ENNERY,surgeles,ENN-S3,-21.0,61,no,ok
103012,2026-10-06 23:30,ENNERY,surgeles,ENN-S3,-21.2,60,no,ok
103013,2026-10-06 00:00,ENNERY,surgeles,ENN-S4,-20.8,61,no,ok
103014,2026-10-06 00:30,ENNERY,surgeles,ENN-S4,-21.2,56,no,ok
103015,2026-10-06 01:00,ENNERY,surgeles,ENN-S4,-20.7,61,no,ok
103016,2026-10-06 01:30,ENNERY,surgeles,ENN-S4,-21.4,63,no,ok
103017,2026-10-06 02:00,ENNERY,surgeles,ENN-S4,-21.0,67,no,ok
103018,2026-10-06 02:30,ENNERY,surgeles,ENN-S4,-21.0,61,no,ok
103019,2026-10-06 03:00,ENNERY,surgeles,ENN-S4,-21.0,61,no,ok
103020,2026-10-06 03:30,ENNERY,surgeles,ENN-S4,-21.2,64,no,ok
103021,2026-10-06 04:00,ENNERY,surgeles,ENN-S4,-20.4,61,no,ok
103022,2026-10-06 04:30,ENNERY,surgeles,ENN-S4,-20.2,62,yes,ok
103023,2026-10-06 05:00,ENNERY,surgeles,ENN-S4,-21.8,63,no,ok
103024,2026-10-06 05:30,ENNERY,surgeles,ENN-S4,-20.5,71,no,ok
103025,2026-10-06 06:00,ENNERY,surgeles,ENN-S4,-20.3,59,no,ok
103026,2026-10-06 06:30,ENNERY,surgeles,ENN-S4,-21.5,62,no,ok
103027,2026-10-06 07:00,ENNERY,surgeles,ENN-S4,-21.2,67,no,ok
103028,2026-10-06 07:30,ENNERY,surgeles,ENN-S4,-21.5,62,no,ok
103029,2026-10-06 08:00,ENNERY,surgeles,ENN-S4,-19.8,61,no,ok
103030,2026-10-06 08:30,ENNERY,surgeles,ENN-S4,-20.3,61,no,ok
103031,2026-10-06 09:00,ENNERY,surgeles,ENN-S4,-21.5,63,no,ok
103032,2026-10-06 09:30,ENNERY,surgeles,ENN-S4,-21.5,63,no,ok
103033,2026-10-06 10:00,ENNERY,surgeles,ENN-S4,-20.6,56,no,ok
103034,2026-10-06 10:30,ENNERY,surgeles,ENN-S4,-20.5,65,no,ok
103035,2026-10-06 11:00,ENNERY,surgeles,ENN-S4,-20.7,65,no,ok
103036,2026-10-06 11:30,ENNERY,surgeles,ENN-S4,-21.0,62,no,ok
103037,2026-10-06 12:00,ENNERY,surgeles,ENN-S4,-22.2,60,no,ok
103038,2026-10-06 12:30,ENNERY,surgeles,ENN-S4,-20.7,69,no,ok
103039,2026-10-06 13:00,ENNERY,surgeles,ENN-S4,-20.3,62,no,ok
103040,2026-10-06 13:30,ENNERY,surgeles,ENN-S4,-20.8,64,no,ok
103041,2026-10-06 14:00,ENNERY,surgeles,ENN-S4,-20.7,67,no,ok
103042,2026-10-06 14:30,ENNERY,surgeles,ENN-S4,-22.1,63,no,ok
103043,2026-10-06 15:00,ENNERY,surgeles,ENN-S4,-21.6,64,no,ok
103044,2026-10-06 15:30,ENNERY,surgeles,ENN-S4,-20.9,61,no,ok
103045,2026-10-06 16:00,ENNERY,surgeles,ENN-S4,-20.6,66,no,ok
103046,2026-10-06 16:30,ENNERY,surgeles,ENN-S4,-21.4,65,yes,ok
103047,2026-10-06 17:00,ENNERY,surgeles,ENN-S4,-20.6,68,no,ok
103048,2026-10-06 17:30,ENNERY,surgeles,ENN-S4,-20.4,63,no,ok
103049,2026-10-06 18:00,ENNERY,surgeles,ENN-S4,-20.6,61,no,ok
103050,2026-10-06 18:30,ENNERY,surgeles,ENN-S4,-21.1,60,no,ok
103051,2026-10-06 19:00,ENNERY,surgeles,ENN-S4,-20.6,66,no,ok
103052,2026-10-06 19:30,ENNERY,surgeles,ENN-S4,-20.8,62,no,ok
103053,2026-10-06 20:00,ENNERY,surgeles,ENN-S4,-21.3,62,no,ok
103054,2026-10-06 20:30,ENNERY,surgeles,ENN-S4,-20.9,62,no,ok
103055,2026-10-06 21:00,ENNERY,surgeles,ENN-S4,-21.8,62,no,ok
103056,2026-10-06 21:30,ENNERY,surgeles,ENN-S4,-20.6,59,no,ok
103057,2026-10-06 22:00,ENNERY,surgeles,ENN-S4,-20.9,60,no,ok
103058,2026-10-06 22:30,ENNERY,surgeles,ENN-S4,-20.4,67,no,ok
103059,2026-10-06 23:00,ENNERY,surgeles,ENN-S4,-20.6,66,no,ok
103060,2026-10-06 23:30,ENNERY,surgeles,ENN-S4,-20.7,62,no,ok
103061,2026-10-06 00:00,AUGNY,frais,AUG-F1,2.3,79,no,ok
103062,2026-10-06 00:30,AUGNY,frais,AUG-F1,3.8,80,no,ok
103063,2026-10-06 01:00,AUGNY,frais,AUG-F1,2.8,81,no,ok
103064,2026-10-06 01:30,AUGNY,frais,AUG-F1,2.5,76,no,ok
103065,2026-10-06 02:00,AUGNY,frais,AUG-F1,3.4,76,no,ok
103066,2026-10-06 02:30,AUGNY,frais,AUG-F1,2.8,80,no,ok
103067,2026-10-06 03:00,AUGNY,frais,AUG-F1,2.8,79,no,ok
103068,2026-10-06 03:30,AUGNY,frais,AUG-F1,1.6,83,yes,ok
103069,2026-10-06 04:00,AUGNY,frais,AUG-F1,2.5,79,no,ok
103070,2026-10-06 04:30,AUGNY,frais,AUG-F1,2.0,80,no,ok
103071,2026-10-06 05:00,AUGNY,frais,AUG-F1,1.7,73,no,ok
103072,2026-10-06 05:30,AUGNY,frais,AUG-F1,1.7,83,no,ok
103073,2026-10-06 06:00,AUGNY,frais,AUG-F1,1.4,79,no,ok
103074,2026-10-06 06:30,AUGNY,frais,AUG-F1,2.0,83,no,ok
103075,2026-10-06 07:00,AUGNY,frais,AUG-F1,2.4,75,no,ok
103076,2026-10-06 07:30,AUGNY,frais,AUG-F1,1.5,75,no,ok
103077,2026-10-06 08:00,AUGNY,frais,AUG-F1,1.6,82,no,ok
103078,2026-10-06 08:30,AUGNY,frais,AUG-F1,2.8,81,no,ok
103079,2026-10-06 09:00,AUGNY,frais,AUG-F1,2.1,78,no,ok
103080,2026-10-06 09:30,AUGNY,frais,AUG-F1,1.4,80,no,ok
103081,2026-10-06 10:00,AUGNY,frais,AUG-F1,1.5,72,no,ok
103082,2026-10-06 10:30,AUGNY,frais,AUG-F1,1.0,76,no,ok
103083,2026-10-06 11:00,AUGNY,frais,AUG-F1,2.9,79,no,ok
103084,2026-10-06 11:30,AUGNY,frais,AUG-F1,2.8,77,no,ok
103085,2026-10-06 12:00,AUGNY,frais,AUG-F1,2.2,81,no,ok
103086,2026-10-06 12:30,AUGNY,frais,AUG-F1,2.4,81,no,ok
103087,2026-10-06 13:00,AUGNY,frais,AUG-F1,2.5,79,no,ok
103088,2026-10-06 13:30,AUGNY,frais,AUG-F1,2.4,81,no,ok
103089,2026-10-06 14:00,AUGNY,frais,AUG-F1,2.7,79,no,ok
103090,2026-10-06 14:30,AUGNY,frais,AUG-F1,3.1,76,no,ok
103091,2026-10-06 15:00,AUGNY,frais,AUG-F1,3.1,78,no,ok
103092,2026-10-06 15:30,AUGNY,frais,AUG-F1,3.2,71,no,ok
103093,2026-10-06 16:00,AUGNY,frais,AUG-F1,2.3,80,no,ok
103094,2026-10-06 16:30,AUGNY,frais,AUG-F1,2.8,81,no,ok
103095,2026-10-06 17:00,AUGNY,frais,AUG-F1,2.4,85,no,ok
103096,2026-10-06 17:30,AUGNY,frais,AUG-F1,2.7,79,no,ok
103097,2026-10-06 18:00,AUGNY,frais,AUG-F1,1.7,77,no,ok
103098,2026-10-06 18:30,AUGNY,frais,AUG-F1,2.8,79,no,ok
103099,2026-10-06 19:00,AUGNY,frais,AUG-F1,2.7,75,no,ok
103100,2026-10-06 19:30,AUGNY,frais,AUG-F1,2.5,78,no,ok
103101,2026-10-06 20:00,AUGNY,frais,AUG-F1,3.1,80,no,ok
103102,2026-10-06 20:30,AUGNY,frais,AUG-F1,2.5,81,no,ok
103103,2026-10-06 21:00,AUGNY,frais,AUG-F1,2.1,85,no,ok
103104,2026-10-06 21:30,AUGNY,frais,AUG-F1,3.4,82,no,ok
103105,2026-10-06 22:00,AUGNY,frais,AUG-F1,2.6,77,no,ok
103106,2026-10-06 22:30,AUGNY,frais,AUG-F1,2.9,81,no,ok
103107,2026-10-06 23:00,AUGNY,frais,AUG-F1,1.2,78,no,ok
103108,2026-10-06 23:30,AUGNY,frais,AUG-F1,2.2,77,no,ok
103109,2026-10-06 00:00,AUGNY,frais,AUG-F2,2.6,78,no,ok
103110,2026-10-06 00:30,AUGNY,frais,AUG-F2,3.2,76,no,ok
103111,2026-10-06 01:00,AUGNY,frais,AUG-F2,2.7,79,no,ok
103112,2026-10-06 01:30,AUGNY,frais,AUG-F2,2.6,77,no,ok
103113,2026-10-06 02:00,AUGNY,frais,AUG-F2,2.2,77,no,ok
103114,2026-10-06 02:30,AUGNY,frais,AUG-F2,1.9,75,no,ok
103115,2026-10-06 03:00,AUGNY,frais,AUG-F2,2.2,84,no,ok
103116,2026-10-06 03:30,AUGNY,frais,AUG-F2,2.9,80,no,ok
103117,2026-10-06 04:00,AUGNY,frais,AUG-F2,2.6,72,no,ok
103118,2026-10-06 04:30,AUGNY,frais,AUG-F2,2.4,79,no,ok
103119,2026-10-06 05:00,AUGNY,frais,AUG-F2,3.3,83,no,ok
103120,2026-10-06 05:30,AUGNY,frais,AUG-F2,2.1,80,no,ok
103121,2026-10-06 06:00,AUGNY,frais,AUG-F2,2.3,79,no,ok
103122,2026-10-06 06:30,AUGNY,frais,AUG-F2,3.7,76,no,ok
103123,2026-10-06 07:00,AUGNY,frais,AUG-F2,2.1,81,no,ok
103124,2026-10-06 07:30,AUGNY,frais,AUG-F2,2.4,77,no,ok
103125,2026-10-06 08:00,AUGNY,frais,AUG-F2,2.8,76,no,ok
103126,2026-10-06 08:30,AUGNY,frais,AUG-F2,3.7,75,no,ok
103127,2026-10-06 09:00,AUGNY,frais,AUG-F2,2.9,80,no,ok
103128,2026-10-06 09:30,AUGNY,frais,AUG-F2,2.5,74,no,ok
103129,2026-10-06 10:00,AUGNY,frais,AUG-F2,2.8,72,no,ok
103130,2026-10-06 10:30,AUGNY,frais,AUG-F2,2.4,78,no,ok
103131,2026-10-06 11:00,AUGNY,frais,AUG-F2,2.5,78,no,ok
103132,2026-10-06 11:30,AUGNY,frais,AUG-F2,2.4,79,no,ok
103133,2026-10-06 12:00,AUGNY,frais,AUG-F2,2.4,80,no,ok
103134,2026-10-06 12:30,AUGNY,frais,AUG-F2,2.3,80,yes,ok
103135,2026-10-06 13:00,AUGNY,frais,AUG-F2,3.4,84,no,ok
103136,2026-10-06 13:30,AUGNY,frais,AUG-F2,2.1,81,no,ok
103137,2026-10-06 14:00,AUGNY,frais,AUG-F2,3.2,74,no,ok
103138,2026-10-06 14:30,AUGNY,frais,AUG-F2,2.8,80,no,ok
103139,2026-10-06 15:00,AUGNY,frais,AUG-F2,2.0,78,no,ok
103140,2026-10-06 15:30,AUGNY,frais,AUG-F2,1.7,81,no,ok
103141,2026-10-06 16:00,AUGNY,frais,AUG-F2,2.3,78,no,ok
103142,2026-10-06 16:30,AUGNY,frais,AUG-F2,3.9,79,no,ok
103143,2026-10-06 17:00,AUGNY,frais,AUG-F2,2.9,79,yes,ok
103144,2026-10-06 17:30,AUGNY,frais,AUG-F2,2.5,78,no,ok
103145,2026-10-06 18:00,AUGNY,frais,AUG-F2,2.1,77,no,ok
103146,2026-10-06 18:30,AUGNY,frais,AUG-F2,2.2,80,no,ok
103147,2026-10-06 19:00,AUGNY,frais,AUG-F2,3.3,75,no,ok
103148,2026-10-06 19:30,AUGNY,frais,AUG-F2,2.8,76,no,ok
103149,2026-10-06 20:00,AUGNY,frais,AUG-F2,1.9,82,no,ok
103150,2026-10-06 20:30,AUGNY,frais,AUG-F2,2.6,74,no,ok
103151,2026-10-06 21:00,AUGNY,frais,AUG-F2,2.6,77,no,ok
103152,2026-10-06 21:30,AUGNY,frais,AUG-F2,2.4,72,no,ok
103153,2026-10-06 22:00,AUGNY,frais,AUG-F2,2.3,77,no,ok
103154,2026-10-06 22:30,AUGNY,frais,AUG-F2,2.8,77,no,ok
103155,2026-10-06 23:00,AUGNY,frais,AUG-F2,3.1,76,no,ok
103156,2026-10-06 23:30,AUGNY,frais,AUG-F2,2.5,78,no,ok
103157,2026-10-06 00:00,AUGNY,frais,AUG-F3,2.4,77,no,ok
103158,2026-10-06 00:30,AUGNY,frais,AUG-F3,2.5,82,no,ok
103159,2026-10-06 01:00,AUGNY,frais,AUG-F3,3.3,82,no,ok
103160,2026-10-06 01:30,AUGNY,frais,AUG-F3,2.3,79,no,ok
103161,2026-10-06 02:00,AUGNY,frais,AUG-F3,1.8,78,no,ok
103162,2026-10-06 02:30,AUGNY,frais,AUG-F3,2.7,82,no,ok
103163,2026-10-06 03:00,AUGNY,frais,AUG-F3,2.2,80,no,ok
103164,2026-10-06 03:30,AUGNY,frais,AUG-F3,2.2,81,no,ok
103165,2026-10-06 04:00,AUGNY,frais,AUG-F3,2.8,77,no,ok
103166,2026-10-06 04:30,AUGNY,frais,AUG-F3,2.4,75,no,ok
103167,2026-10-06 05:00,AUGNY,frais,AUG-F3,2.5,84,no,ok
103168,2026-10-06 05:30,AUGNY,frais,AUG-F3,2.3,74,no,ok
103169,2026-10-06 06:00,AUGNY,frais,AUG-F3,2.5,80,no,ok
103170,2026-10-06 06:30,AUGNY,frais,AUG-F3,2.8,82,no,ok
103171,2026-10-06 07:00,AUGNY,frais,AUG-F3,2.1,82,no,ok
103172,2026-10-06 07:30,AUGNY,frais,AUG-F3,2.5,77,no,ok
103173,2026-10-06 08:00,AUGNY,frais,AUG-F3,2.2,78,no,ok
103174,2026-10-06 08:30,AUGNY,frais,AUG-F3,1.4,85,no,ok
103175,2026-10-06 09:00,AUGNY,frais,AUG-F3,2.4,77,yes,ok
103176,2026-10-06 09:30,AUGNY,frais,AUG-F3,2.2,74,no,ok
103177,2026-10-06 10:00,AUGNY,frais,AUG-F3,1.9,79,no,ok
103178,2026-10-06 10:30,AUGNY,frais,AUG-F3,2.9,78,no,ok
103179,2026-10-06 11:00,AUGNY,frais,AUG-F3,3.0,78,no,ok
103180,2026-10-06 11:30,AUGNY,frais,AUG-F3,2.7,74,no,ok
103181,2026-10-06 12:00,AUGNY,frais,AUG-F3,2.3,87,no,ok
103182,2026-10-06 12:30,AUGNY,frais,AUG-F3,2.5,83,no,ok
103183,2026-10-06 13:00,AUGNY,frais,AUG-F3,2.6,78,no,ok
103184,2026-10-06 13:30,AUGNY,frais,AUG-F3,2.7,70,no,ok
103185,2026-10-06 14:00,AUGNY,frais,AUG-F3,2.6,82,no,ok
103186,2026-10-06 14:30,AUGNY,frais,AUG-F3,3.3,77,no,ok
103187,2026-10-06 15:00,AUGNY,frais,AUG-F3,2.8,71,no,ok
103188,2026-10-06 15:30,AUGNY,frais,AUG-F3,2.5,76,no,ok
103189,2026-10-06 16:00,AUGNY,frais,AUG-F3,2.3,81,no,ok
103190,2026-10-06 16:30,AUGNY,frais,AUG-F3,2.7,73,no,ok
103191,2026-10-06 17:00,AUGNY,frais,AUG-F3,2.5,76,no,ok
103192,2026-10-06 17:30,AUGNY,frais,AUG-F3,3.1,78,no,ok
103193,2026-10-06 18:00,AUGNY,frais,AUG-F3,3.2,77,no,ok
103194,2026-10-06 18:30,AUGNY,frais,AUG-F3,2.5,77,no,ok
103195,2026-10-06 19:00,AUGNY,frais,AUG-F3,2.1,82,no,ok
103196,2026-10-06 19:30,AUGNY,frais,AUG-F3,1.6,78,no,ok
103197,2026-10-06 20:00,AUGNY,frais,AUG-F3,3.0,79,no,ok
103198,2026-10-06 20:30,AUGNY,frais,AUG-F3,2.5,78,no,ok
103199,2026-10-06 21:00,AUGNY,frais,AUG-F3,1.9,80,no,ok
103200,2026-10-06 21:30,AUGNY,frais,AUG-F3,2.6,77,no,ok
103201,2026-10-06 22:00,AUGNY,frais,AUG-F3,2.1,76,no,ok
103202,2026-10-06 22:30,AUGNY,frais,AUG-F3,1.9,82,no,ok
103203,2026-10-06 23:00,AUGNY,frais,AUG-F3,1.9,74,no,ok
103204,2026-10-06 23:30,AUGNY,frais,AUG-F3,2.8,77,no,ok
103205,2026-10-06 00:00,AUGNY,frais,AUG-F4,2.8,86,no,ok
103206,2026-10-06 00:30,AUGNY,frais,AUG-F4,2.5,74,no,ok
103207,2026-10-06 01:00,AUGNY,frais,AUG-F4,1.8,78,no,ok
103208,2026-10-06 01:30,AUGNY,frais,AUG-F4,1.8,76,no,ok
103209,2026-10-06 02:00,AUGNY,frais,AUG-F4,3.1,74,no,ok
103210,2026-10-06 02:30,AUGNY,frais,AUG-F4,2.5,82,no,ok
103211,2026-10-06 03:00,AUGNY,frais,AUG-F4,2.2,77,no,ok
103212,2026-10-06 03:30,AUGNY,frais,AUG-F4,2.4,77,no,ok
103213,2026-10-06 04:00,AUGNY,frais,AUG-F4,1.8,75,no,ok
103214,2026-10-06 04:30,AUGNY,frais,AUG-F4,3.4,76,no,ok
103215,2026-10-06 05:00,AUGNY,frais,AUG-F4,1.6,75,no,ok
103216,2026-10-06 05:30,AUGNY,frais,AUG-F4,2.3,78,no,ok
103217,2026-10-06 06:00,AUGNY,frais,AUG-F4,3.3,77,no,ok
103218,2026-10-06 06:30,AUGNY,frais,AUG-F4,2.1,73,no,ok
103219,2026-10-06 07:00,AUGNY,frais,AUG-F4,2.3,76,no,ok
103220,2026-10-06 07:30,AUGNY,frais,AUG-F4,3.2,79,no,ok
103221,2026-10-06 08:00,AUGNY,frais,AUG-F4,2.0,75,no,ok
103222,2026-10-06 08:30,AUGNY,frais,AUG-F4,2.4,78,no,ok
103223,2026-10-06 09:00,AUGNY,frais,AUG-F4,2.3,75,no,ok
103224,2026-10-06 09:30,AUGNY,frais,AUG-F4,2.6,76,no,ok
103225,2026-10-06 10:00,AUGNY,frais,AUG-F4,2.8,78,no,ok
103226,2026-10-06 10:30,AUGNY,frais,AUG-F4,2.2,79,no,ok
103227,2026-10-06 11:00,AUGNY,frais,AUG-F4,2.2,80,no,ok
103228,2026-10-06 11:30,AUGNY,frais,AUG-F4,1.9,77,no,ok
103229,2026-10-06 12:00,AUGNY,frais,AUG-F4,1.7,80,no,ok
103230,2026-10-06 12:30,AUGNY,frais,AUG-F4,2.3,81,no,ok
103231,2026-10-06 13:00,AUGNY,frais,AUG-F4,3.6,76,no,ok
103232,2026-10-06 13:30,AUGNY,frais,AUG-F4,2.4,80,no,ok
103233,2026-10-06 14:00,AUGNY,frais,AUG-F4,3.2,78,no,ok
103234,2026-10-06 14:30,AUGNY,frais,AUG-F4,2.5,79,no,ok
103235,2026-10-06 15:00,AUGNY,frais,AUG-F4,1.9,76,no,ok
103236,2026-10-06 15:30,AUGNY,frais,AUG-F4,2.8,75,no,ok
103237,2026-10-06 16:00,AUGNY,frais,AUG-F4,3.9,78,no,ok
103238,2026-10-06 16:30,AUGNY,frais,AUG-F4,2.4,78,no,ok
103239,2026-10-06 17:00,AUGNY,frais,AUG-F4,2.5,76,no,ok
103240,2026-10-06 17:30,AUGNY,frais,AUG-F4,2.6,76,no,ok
103241,2026-10-06 18:00,AUGNY,frais,AUG-F4,2.4,80,no,ok
103242,2026-10-06 18:30,AUGNY,frais,AUG-F4,3.3,79,no,ok
103243,2026-10-06 19:00,AUGNY,frais,AUG-F4,2.9,80,no,ok
103244,2026-10-06 19:30,AUGNY,frais,AUG-F4,2.8,73,yes,ok
103245,2026-10-06 20:00,AUGNY,frais,AUG-F4,2.6,78,no,ok
103246,2026-10-06 20:30,AUGNY,frais,AUG-F4,2.8,75,no,ok
103247,2026-10-06 21:00,AUGNY,frais,AUG-F4,2.7,82,no,ok
103248,2026-10-06 21:30,AUGNY,frais,AUG-F4,3.5,80,no,ok
103249,2026-10-06 22:00,AUGNY,frais,AUG-F4,2.4,77,no,ok
103250,2026-10-06 22:30,AUGNY,frais,AUG-F4,1.7,83,no,ok
103251,2026-10-06 23:00,AUGNY,frais,AUG-F4,2.7,77,no,ok
103252,2026-10-06 23:30,AUGNY,frais,AUG-F4,2.3,79,no,ok
103253,2026-10-06 00:00,AUGNY,surgeles,AUG-S1,-21.3,69,no,ok
103254,2026-10-06 00:30,AUGNY,surgeles,AUG-S1,-21.2,57,no,ok
103255,2026-10-06 01:00,AUGNY,surgeles,AUG-S1,-20.8,62,no,ok
103256,2026-10-06 01:30,AUGNY,surgeles,AUG-S1,-21.0,68,no,ok
103257,2026-10-06 02:00,AUGNY,surgeles,AUG-S1,-21.5,63,no,ok
103258,2026-10-06 02:30,AUGNY,surgeles,AUG-S1,-21.7,67,no,ok
103259,2026-10-06 03:00,AUGNY,surgeles,AUG-S1,-20.7,67,no,ok
103260,2026-10-06 03:30,AUGNY,surgeles,AUG-S1,-21.4,59,no,ok
103261,2026-10-06 04:00,AUGNY,surgeles,AUG-S1,-21.9,62,no,ok
103262,2026-10-06 04:30,AUGNY,surgeles,AUG-S1,-20.7,63,no,ok
103263,2026-10-06 05:00,AUGNY,surgeles,AUG-S1,-21.0,62,no,ok
103264,2026-10-06 05:30,AUGNY,surgeles,AUG-S1,-20.5,58,no,ok
103265,2026-10-06 06:00,AUGNY,surgeles,AUG-S1,-20.4,63,no,ok
103266,2026-10-06 06:30,AUGNY,surgeles,AUG-S1,-20.2,58,no,ok
103267,2026-10-06 07:00,AUGNY,surgeles,AUG-S1,-20.9,64,no,ok
103268,2026-10-06 07:30,AUGNY,surgeles,AUG-S1,-21.6,68,no,ok
103269,2026-10-06 08:00,AUGNY,surgeles,AUG-S1,-21.2,66,no,ok
103270,2026-10-06 08:30,AUGNY,surgeles,AUG-S1,-20.7,63,no,ok
103271,2026-10-06 09:00,AUGNY,surgeles,AUG-S1,-21.7,61,no,ok
103272,2026-10-06 09:30,AUGNY,surgeles,AUG-S1,-21.1,61,no,ok
103273,2026-10-06 10:00,AUGNY,surgeles,AUG-S1,-20.0,64,no,ok
103274,2026-10-06 10:30,AUGNY,surgeles,AUG-S1,-21.6,62,no,ok
103275,2026-10-06 11:00,AUGNY,surgeles,AUG-S1,-21.3,60,no,ok
103276,2026-10-06 11:30,AUGNY,surgeles,AUG-S1,-20.4,64,no,ok
103277,2026-10-06 12:00,AUGNY,surgeles,AUG-S1,-21.7,63,no,ok
103278,2026-10-06 12:30,AUGNY,surgeles,AUG-S1,-21.0,66,no,ok
103279,2026-10-06 13:00,AUGNY,surgeles,AUG-S1,-21.4,57,no,ok
103280,2026-10-06 13:30,AUGNY,surgeles,AUG-S1,-21.0,57,no,ok
103281,2026-10-06 14:00,AUGNY,surgeles,AUG-S1,-20.3,62,no,ok
103282,2026-10-06 14:30,AUGNY,surgeles,AUG-S1,-21.3,63,no,ok
103283,2026-10-06 15:00,AUGNY,surgeles,AUG-S1,-20.6,57,no,ok
103284,2026-10-06 15:30,AUGNY,surgeles,AUG-S1,-20.1,63,no,ok
103285,2026-10-06 16:00,AUGNY,surgeles,AUG-S1,-21.1,66,no,ok
103286,2026-10-06 16:30,AUGNY,surgeles,AUG-S1,-21.0,62,no,ok
103287,2026-10-06 17:00,AUGNY,surgeles,AUG-S1,-20.5,62,no,ok
103288,2026-10-06 17:30,AUGNY,surgeles,AUG-S1,-20.9,59,no,ok
103289,2026-10-06 18:00,AUGNY,surgeles,AUG-S1,-21.7,59,no,ok
103290,2026-10-06 18:30,AUGNY,surgeles,AUG-S1,-21.2,60,no,ok
103291,2026-10-06 19:00,AUGNY,surgeles,AUG-S1,-20.5,63,no,ok
103292,2026-10-06 19:30,AUGNY,surgeles,AUG-S1,-21.9,60,no,ok
103293,2026-10-06 20:00,AUGNY,surgeles,AUG-S1,-20.5,65,no,ok
103294,2026-10-06 20:30,AUGNY,surgeles,AUG-S1,-21.5,61,no,ok
103295,2026-10-06 21:00,AUGNY,surgeles,AUG-S1,-20.3,63,no,ok
103296,2026-10-06 21:30,AUGNY,surgeles,AUG-S1,-21.8,64,no,ok
103297,2026-10-06 22:00,AUGNY,surgeles,AUG-S1,-20.8,61,no,ok
103298,2026-10-06 22:30,AUGNY,surgeles,AUG-S1,-21.5,65,no,ok
103299,2026-10-06 23:00,AUGNY,surgeles,AUG-S1,-21.1,59,no,ok
103300,2026-10-06 23:30,AUGNY,surgeles,AUG-S1,-22.0,60,no,ok
103301,2026-10-06 00:00,AUGNY,surgeles,AUG-S2,-20.9,63,no,ok
103302,2026-10-06 00:30,AUGNY,surgeles,AUG-S2,-21.7,64,no,ok
103303,2026-10-06 01:00,AUGNY,surgeles,AUG-S2,-20.3,59,no,ok
103304,2026-10-06 01:30,AUGNY,surgeles,AUG-S2,-21.2,64,no,ok
103305,2026-10-06 02:00,AUGNY,surgeles,AUG-S2,-20.8,59,no,ok
103306,2026-10-06 02:30,AUGNY,surgeles,AUG-S2,-20.7,67,no,ok
103307,2026-10-06 03:00,AUGNY,surgeles,AUG-S2,-20.6,66,no,ok
103308,2026-10-06 03:30,AUGNY,surgeles,AUG-S2,-20.6,62,no,ok
103309,2026-10-06 04:00,AUGNY,surgeles,AUG-S2,-21.1,65,no,ok
103310,2026-10-06 04:30,AUGNY,surgeles,AUG-S2,-20.9,59,no,ok
103311,2026-10-06 05:00,AUGNY,surgeles,AUG-S2,-21.4,64,no,ok
103312,2026-10-06 05:30,AUGNY,surgeles,AUG-S2,-21.0,60,no,ok
103313,2026-10-06 06:00,AUGNY,surgeles,AUG-S2,-21.6,58,no,ok
103314,2026-10-06 06:30,AUGNY,surgeles,AUG-S2,-21.5,65,no,ok
103315,2026-10-06 07:00,AUGNY,surgeles,AUG-S2,-20.2,64,no,ok
103316,2026-10-06 07:30,AUGNY,surgeles,AUG-S2,-21.0,62,no,ok
103317,2026-10-06 08:00,AUGNY,surgeles,AUG-S2,-20.8,65,no,ok
103318,2026-10-06 08:30,AUGNY,surgeles,AUG-S2,-21.3,59,no,ok
103319,2026-10-06 09:00,AUGNY,surgeles,AUG-S2,-21.3,59,no,ok
103320,2026-10-06 09:30,AUGNY,surgeles,AUG-S2,-20.8,59,no,ok
103321,2026-10-06 10:00,AUGNY,surgeles,AUG-S2,-20.7,59,no,ok
103322,2026-10-06 10:30,AUGNY,surgeles,AUG-S2,-20.6,62,no,ok
103323,2026-10-06 11:00,AUGNY,surgeles,AUG-S2,-21.0,62,no,ok
103324,2026-10-06 11:30,AUGNY,surgeles,AUG-S2,-20.6,61,no,ok
103325,2026-10-06 12:00,AUGNY,surgeles,AUG-S2,-20.0,62,no,ok
103326,2026-10-06 12:30,AUGNY,surgeles,AUG-S2,-21.1,62,no,ok
103327,2026-10-06 13:00,AUGNY,surgeles,AUG-S2,-21.0,60,no,ok
103328,2026-10-06 13:30,AUGNY,surgeles,AUG-S2,-21.3,56,no,ok
103329,2026-10-06 14:00,AUGNY,surgeles,AUG-S2,-22.2,61,no,ok
103330,2026-10-06 14:30,AUGNY,surgeles,AUG-S2,-21.8,62,no,ok
103331,2026-10-06 15:00,AUGNY,surgeles,AUG-S2,-21.4,65,no,ok
103332,2026-10-06 15:30,AUGNY,surgeles,AUG-S2,-21.4,62,no,ok
103333,2026-10-06 16:00,AUGNY,surgeles,AUG-S2,-21.3,61,no,ok
103334,2026-10-06 16:30,AUGNY,surgeles,AUG-S2,-20.6,65,no,ok
103335,2026-10-06 17:00,AUGNY,surgeles,AUG-S2,-20.4,63,no,ok
103336,2026-10-06 17:30,AUGNY,surgeles,AUG-S2,-21.0,61,no,ok
103337,2026-10-06 18:00,AUGNY,surgeles,AUG-S2,-20.3,62,no,ok
103338,2026-10-06 18:30,AUGNY,surgeles,AUG-S2,-21.7,68,no,ok
103339,2026-10-06 19:00,AUGNY,surgeles,AUG-S2,-21.3,57,yes,ok
103340,2026-10-06 19:30,AUGNY,surgeles,AUG-S2,-22.0,62,no,ok
103341,2026-10-06 20:00,AUGNY,surgeles,AUG-S2,-21.8,63,no,ok
103342,2026-10-06 20:30,AUGNY,surgeles,AUG-S2,-20.4,66,no,ok
103343,2026-10-06 21:00,AUGNY,surgeles,AUG-S2,-20.6,66,no,ok
103344,2026-10-06 21:30,AUGNY,surgeles,AUG-S2,-20.6,60,no,ok
103345,2026-10-06 22:00,AUGNY,surgeles,AUG-S2,-20.8,64,no,ok
103346,2026-10-06 22:30,AUGNY,surgeles,AUG-S2,-20.2,59,no,ok
103347,2026-10-06 23:00,AUGNY,surgeles,AUG-S2,-21.6,65,no,ok
103348,2026-10-06 23:30,AUGNY,surgeles,AUG-S2,-20.6,57,no,ok
103349,2026-10-06 00:00,AUGNY,surgeles,AUG-S3,-21.1,62,no,ok
103350,2026-10-06 00:30,AUGNY,surgeles,AUG-S3,-21.3,63,no,ok
103351,2026-10-06 01:00,AUGNY,surgeles,AUG-S3,-20.5,54,no,ok
103352,2026-10-06 01:30,AUGNY,surgeles,AUG-S3,-20.2,64,no,ok
103353,2026-10-06 02:00,AUGNY,surgeles,AUG-S3,-21.6,59,no,ok
103354,2026-10-06 02:30,AUGNY,surgeles,AUG-S3,-20.8,65,no,ok
103355,2026-10-06 03:00,AUGNY,surgeles,AUG-S3,-21.4,53,no,ok
103356,2026-10-06 03:30,AUGNY,surgeles,AUG-S3,-20.2,64,yes,ok
103357,2026-10-06 04:00,AUGNY,surgeles,AUG-S3,-21.0,67,no,ok
103358,2026-10-06 04:30,AUGNY,surgeles,AUG-S3,-21.0,63,no,ok
103359,2026-10-06 05:00,AUGNY,surgeles,AUG-S3,-20.7,65,no,ok
103360,2026-10-06 05:30,AUGNY,surgeles,AUG-S3,-20.8,62,no,ok
103361,2026-10-06 06:00,AUGNY,surgeles,AUG-S3,-21.0,63,no,ok
103362,2026-10-06 06:30,AUGNY,surgeles,AUG-S3,-21.1,62,no,ok
103363,2026-10-06 07:00,AUGNY,surgeles,AUG-S3,-20.5,65,no,ok
103364,2026-10-06 07:30,AUGNY,surgeles,AUG-S3,-21.3,64,no,ok
103365,2026-10-06 08:00,AUGNY,surgeles,AUG-S3,-20.8,64,no,ok
103366,2026-10-06 08:30,AUGNY,surgeles,AUG-S3,-21.2,62,no,ok
103367,2026-10-06 09:00,AUGNY,surgeles,AUG-S3,-21.0,56,no,ok
103368,2026-10-06 09:30,AUGNY,surgeles,AUG-S3,-20.6,62,no,ok
103369,2026-10-06 10:00,AUGNY,surgeles,AUG-S3,-21.3,63,no,ok
103370,2026-10-06 10:30,AUGNY,surgeles,AUG-S3,-21.8,62,no,ok
103371,2026-10-06 11:00,AUGNY,surgeles,AUG-S3,-20.6,69,no,ok
103372,2026-10-06 11:30,AUGNY,surgeles,AUG-S3,-21.1,59,no,ok
103373,2026-10-06 12:00,AUGNY,surgeles,AUG-S3,-20.7,66,no,ok
103374,2026-10-06 12:30,AUGNY,surgeles,AUG-S3,-21.1,65,no,ok
103375,2026-10-06 13:00,AUGNY,surgeles,AUG-S3,-21.5,61,no,ok
103376,2026-10-06 13:30,AUGNY,surgeles,AUG-S3,-21.0,64,no,ok
103377,2026-10-06 14:00,AUGNY,surgeles,AUG-S3,-21.5,60,yes,ok
103378,2026-10-06 14:30,AUGNY,surgeles,AUG-S3,-21.6,64,yes,ok
103379,2026-10-06 15:00,AUGNY,surgeles,AUG-S3,-20.3,65,no,ok
103380,2026-10-06 15:30,AUGNY,surgeles,AUG-S3,-21.0,65,no,ok
103381,2026-10-06 16:00,AUGNY,surgeles,AUG-S3,-20.7,64,no,ok
103382,2026-10-06 16:30,AUGNY,surgeles,AUG-S3,-20.1,64,no,ok
103383,2026-10-06 17:00,AUGNY,surgeles,AUG-S3,-21.0,61,no,ok
103384,2026-10-06 17:30,AUGNY,surgeles,AUG-S3,-21.9,61,no,ok
103385,2026-10-06 18:00,AUGNY,surgeles,AUG-S3,-21.2,59,no,ok
103386,2026-10-06 18:30,AUGNY,surgeles,AUG-S3,-21.0,58,no,ok
103387,2026-10-06 19:00,AUGNY,surgeles,AUG-S3,-20.8,65,no,ok
103388,2026-10-06 19:30,AUGNY,surgeles,AUG-S3,-20.2,67,no,ok
103389,2026-10-06 20:00,AUGNY,surgeles,AUG-S3,-20.7,63,no,ok
103390,2026-10-06 20:30,AUGNY,surgeles,AUG-S3,-20.7,67,no,ok
103391,2026-10-06 21:00,AUGNY,surgeles,AUG-S3,-20.9,60,no,ok
103392,2026-10-06 21:30,AUGNY,surgeles,AUG-S3,-20.7,63,no,ok
103393,2026-10-06 22:00,AUGNY,surgeles,AUG-S3,-21.0,61,no,ok
103394,2026-10-06 22:30,AUGNY,surgeles,AUG-S3,-20.6,61,no,ok
103395,2026-10-06 23:00,AUGNY,surgeles,AUG-S3,-20.4,57,no,ok
103396,2026-10-06 23:30,AUGNY,surgeles,AUG-S3,-20.5,58,no,ok
103397,2026-10-06 00:00,AUGNY,surgeles,AUG-S4,-21.8,64,no,ok
103398,2026-10-06 00:30,AUGNY,surgeles,AUG-S4,-20.6,69,no,ok
103399,2026-10-06 01:00,AUGNY,surgeles,AUG-S4,-21.8,59,no,ok
103400,2026-10-06 01:30,AUGNY,surgeles,AUG-S4,-20.9,59,no,ok
103401,2026-10-06 02:00,AUGNY,surgeles,AUG-S4,-20.6,65,no,ok
103402,2026-10-06 02:30,AUGNY,surgeles,AUG-S4,-20.5,64,no,ok
103403,2026-10-06 03:00,AUGNY,surgeles,AUG-S4,-21.7,61,no,ok
103404,2026-10-06 03:30,AUGNY,surgeles,AUG-S4,-21.2,65,no,ok
103405,2026-10-06 04:00,AUGNY,surgeles,AUG-S4,-21.3,60,no,ok
103406,2026-10-06 04:30,AUGNY,surgeles,AUG-S4,-21.2,66,no,ok
103407,2026-10-06 05:00,AUGNY,surgeles,AUG-S4,-21.4,63,no,ok
103408,2026-10-06 05:30,AUGNY,surgeles,AUG-S4,-21.3,62,no,ok
103409,2026-10-06 06:00,AUGNY,surgeles,AUG-S4,-20.2,61,no,ok
103410,2026-10-06 06:30,AUGNY,surgeles,AUG-S4,-21.0,60,yes,ok
103411,2026-10-06 07:00,AUGNY,surgeles,AUG-S4,-20.5,62,no,ok
103412,2026-10-06 07:30,AUGNY,surgeles,AUG-S4,-21.6,60,no,ok
103413,2026-10-06 08:00,AUGNY,surgeles,AUG-S4,-21.3,71,no,ok
103414,2026-10-06 08:30,AUGNY,surgeles,AUG-S4,-21.5,58,no,ok
103415,2026-10-06 09:00,AUGNY,surgeles,AUG-S4,-21.7,64,no,ok
103416,2026-10-06 09:30,AUGNY,surgeles,AUG-S4,-21.1,68,no,ok
103417,2026-10-06 10:00,AUGNY,surgeles,AUG-S4,-21.4,58,no,ok
103418,2026-10-06 10:30,AUGNY,surgeles,AUG-S4,-21.6,61,no,ok
103419,2026-10-06 11:00,AUGNY,surgeles,AUG-S4,-20.4,62,no,ok
103420,2026-10-06 11:30,AUGNY,surgeles,AUG-S4,-21.1,64,no,ok
103421,2026-10-06 12:00,AUGNY,surgeles,AUG-S4,-20.6,62,no,ok
103422,2026-10-06 12:30,AUGNY,surgeles,AUG-S4,-21.1,65,no,ok
103423,2026-10-06 13:00,AUGNY,surgeles,AUG-S4,-21.2,63,no,ok
103424,2026-10-06 13:30,AUGNY,surgeles,AUG-S4,-21.8,60,yes,ok
103425,2026-10-06 14:00,AUGNY,surgeles,AUG-S4,-21.4,61,no,ok
103426,2026-10-06 14:30,AUGNY,surgeles,AUG-S4,-21.3,60,no,ok
103427,2026-10-06 15:00,AUGNY,surgeles,AUG-S4,-20.8,62,no,ok
103428,2026-10-06 15:30,AUGNY,surgeles,AUG-S4,-21.2,68,no,ok
103429,2026-10-06 16:00,AUGNY,surgeles,AUG-S4,-20.9,59,no,ok
103430,2026-10-06 16:30,AUGNY,surgeles,AUG-S4,-20.7,63,no,ok
103431,2026-10-06 17:00,AUGNY,surgeles,AUG-S4,-21.4,61,no,ok
103432,2026-10-06 17:30,AUGNY,surgeles,AUG-S4,-21.8,57,no,ok
103433,2026-10-06 18:00,AUGNY,surgeles,AUG-S4,-21.7,66,no,ok
103434,2026-10-06 18:30,AUGNY,surgeles,AUG-S4,-21.0,60,no,ok
103435,2026-10-06 19:00,AUGNY,surgeles,AUG-S4,-21.0,63,no,ok
103436,2026-10-06 19:30,AUGNY,surgeles,AUG-S4,-21.0,63,no,ok
103437,2026-10-06 20:00,AUGNY,surgeles,AUG-S4,-21.6,62,no,ok
103438,2026-10-06 20:30,AUGNY,surgeles,AUG-S4,-20.7,62,no,ok
103439,2026-10-06 21:00,AUGNY,surgeles,AUG-S4,-21.2,62,no,ok
103440,2026-10-06 21:30,AUGNY,surgeles,AUG-S4,-20.2,62,no,ok
103441,2026-10-06 22:00,AUGNY,surgeles,AUG-S4,-20.7,62,no,ok
103442,2026-10-06 22:30,AUGNY,surgeles,AUG-S4,-21.3,60,no,ok
103443,2026-10-06 23:00,AUGNY,surgeles,AUG-S4,-21.0,57,yes,ok
103444,2026-10-06 23:30,AUGNY,surgeles,AUG-S4,-20.3,59,no,ok
